record_id,event_id,event_date,year,month,municipality,province,country,event_category,planned_flag,affected_area_as_published,affected_area_normalized,affected_flag,source_title,source_url,source_type,data_note
1,E001,2023-02-15,2023,2,eThekwini Metropolitan Municipality,KwaZulu-Natal,South Africa,power_outage,0,Inteke,Inteke,1,City Working to Resolve Power Outages Affecting Water Systems,https://www.durban.gov.za/press-statement/City%2BWorking%2Bto%2BResolve%2BPower%2BOutages%2BAffecting%2BWater%2BSystems.,Official eThekwini Municipality public notice / press statement,Factual affected-area event compiled from the cited official municipal notice; not a synthetic observation.
2,E001,2023-02-15,2023,2,eThekwini Metropolitan Municipality,KwaZulu-Natal,South Africa,power_outage,0,Intake Emasayithini,Intake Emasayithini,1,City Working to Resolve Power Outages Affecting Water Systems,https://www.durban.gov.za/press-statement/City%2BWorking%2Bto%2BResolve%2BPower%2BOutages%2BAffecting%2BWater%2BSystems.,Official eThekwini Municipality public notice / press statement,Factual affected-area event compiled from the cited official municipal notice; not a synthetic observation.
3,E001,2023-02-15,2023,2,eThekwini Metropolitan Municipality,KwaZulu-Natal,South Africa,power_outage,0,Demat,Demat,1,City Working to Resolve Power Outages Affecting Water Systems,https://www.durban.gov.za/press-statement/City%2BWorking%2Bto%2BResolve%2BPower%2BOutages%2BAffecting%2BWater%2BSystems.,Official eThekwini Municipality public notice / press statement,Factual affected-area event compiled from the cited official municipal notice; not a synthetic observation.
4,E001,2023-02-15,2023,2,eThekwini Metropolitan Municipality,KwaZulu-Natal,South Africa,power_outage,0,Welbedacht West,Welbedacht West,1,City Working to Resolve Power Outages Affecting Water Systems,https://www.durban.gov.za/press-statement/City%2BWorking%2Bto%2BResolve%2BPower%2BOutages%2BAffecting%2BWater%2BSystems.,Official eThekwini Municipality public notice / press statement,Factual affected-area event compiled from the cited official municipal notice; not a synthetic observation.
5,E001,2023-02-15,2023,2,eThekwini Metropolitan Municipality,KwaZulu-Natal,South Africa,power_outage,0,Luganda,Luganda,1,City Working to Resolve Power Outages Affecting Water Systems,https://www.durban.gov.za/press-statement/City%2BWorking%2Bto%2BResolve%2BPower%2BOutages%2BAffecting%2BWater%2BSystems.,Official eThekwini Municipality public notice / press statement,Factual affected-area event compiled from the cited official municipal notice; not a synthetic observation.
6,E001,2023-02-15,2023,2,eThekwini Metropolitan Municipality,KwaZulu-Natal,South Africa,power_outage,0,Nsizwakazi,Nsizwakazi,1,City Working to Resolve Power Outages Affecting Water Systems,https://www.durban.gov.za/press-statement/City%2BWorking%2Bto%2BResolve%2BPower%2BOutages%2BAffecting%2BWater%2BSystems.,Official eThekwini Municipality public notice / press statement,Factual affected-area event compiled from the cited official municipal notice; not a synthetic observation.
7,E001,2023-02-15,2023,2,eThekwini Metropolitan Municipality,KwaZulu-Natal,South Africa,power_outage,0,Savannah Park,Savannah Park,1,City Working to Resolve Power Outages Affecting Water Systems,https://www.durban.gov.za/press-statement/City%2BWorking%2Bto%2BResolve%2BPower%2BOutages%2BAffecting%2BWater%2BSystems.,Official eThekwini Municipality public notice / press statement,Factual affected-area event compiled from the cited official municipal notice; not a synthetic observation.
8,E001,2023-02-15,2023,2,eThekwini Metropolitan Municipality,KwaZulu-Natal,South Africa,power_outage,0,Khoseleni,Khoseleni,1,City Working to Resolve Power Outages Affecting Water Systems,https://www.durban.gov.za/press-statement/City%2BWorking%2Bto%2BResolve%2BPower%2BOutages%2BAffecting%2BWater%2BSystems.,Official eThekwini Municipality public notice / press statement,Factual affected-area event compiled from the cited official municipal notice; not a synthetic observation.
9,E001,2023-02-15,2023,2,eThekwini Metropolitan Municipality,KwaZulu-Natal,South Africa,power_outage,0,Klaarwater,Klaarwater,1,City Working to Resolve Power Outages Affecting Water Systems,https://www.durban.gov.za/press-statement/City%2BWorking%2Bto%2BResolve%2BPower%2BOutages%2BAffecting%2BWater%2BSystems.,Official eThekwini Municipality public notice / press statement,Factual affected-area event compiled from the cited official municipal notice; not a synthetic observation.
10,E001,2023-02-15,2023,2,eThekwini Metropolitan Municipality,KwaZulu-Natal,South Africa,power_outage,0,Parts of Mariannridge,Mariannridge,1,City Working to Resolve Power Outages Affecting Water Systems,https://www.durban.gov.za/press-statement/City%2BWorking%2Bto%2BResolve%2BPower%2BOutages%2BAffecting%2BWater%2BSystems.,Official eThekwini Municipality public notice / press statement,Factual affected-area event compiled from the cited official municipal notice; not a synthetic observation.
11,E001,2023-02-15,2023,2,eThekwini Metropolitan Municipality,KwaZulu-Natal,South Africa,power_outage,0,Hlanganisisa Road,Hlanganisisa Road,1,City Working to Resolve Power Outages Affecting Water Systems,https://www.durban.gov.za/press-statement/City%2BWorking%2Bto%2BResolve%2BPower%2BOutages%2BAffecting%2BWater%2BSystems.,Official eThekwini Municipality public notice / press statement,Factual affected-area event compiled from the cited official municipal notice; not a synthetic observation.
12,E001,2023-02-15,2023,2,eThekwini Metropolitan Municipality,KwaZulu-Natal,South Africa,power_outage,0,Fig Road,Fig Road,1,City Working to Resolve Power Outages Affecting Water Systems,https://www.durban.gov.za/press-statement/City%2BWorking%2Bto%2BResolve%2BPower%2BOutages%2BAffecting%2BWater%2BSystems.,Official eThekwini Municipality public notice / press statement,Factual affected-area event compiled from the cited official municipal notice; not a synthetic observation.
13,E001,2023-02-15,2023,2,eThekwini Metropolitan Municipality,KwaZulu-Natal,South Africa,power_outage,0,Progress Road,Progress Road,1,City Working to Resolve Power Outages Affecting Water Systems,https://www.durban.gov.za/press-statement/City%2BWorking%2Bto%2BResolve%2BPower%2BOutages%2BAffecting%2BWater%2BSystems.,Official eThekwini Municipality public notice / press statement,Factual affected-area event compiled from the cited official municipal notice; not a synthetic observation.
14,E001,2023-02-15,2023,2,eThekwini Metropolitan Municipality,KwaZulu-Natal,South Africa,power_outage,0,KwaDabeka,KwaDabeka,1,City Working to Resolve Power Outages Affecting Water Systems,https://www.durban.gov.za/press-statement/City%2BWorking%2Bto%2BResolve%2BPower%2BOutages%2BAffecting%2BWater%2BSystems.,Official eThekwini Municipality public notice / press statement,Factual affected-area event compiled from the cited official municipal notice; not a synthetic observation.
15,E002,2023-05-14,2023,5,eThekwini Metropolitan Municipality,KwaZulu-Natal,South Africa,treatment_works_failure,0,Umbumbulu,Umbumbulu,1,Electrical Fault at Midmar Treatment Works Affects Water Supply To The Western Aqueduct,https://www.durban.gov.za/press-statement/Electrical%2BFault%2Bat%2BMidmar%2BTreatment%2BWorks%2BAffects%2BWater%2BSupply%2BTo%2BThe%2BWestern%2BAqueduct,Official eThekwini Municipality public notice / press statement,Factual affected-area event compiled from the cited official municipal notice; not a synthetic observation.
16,E002,2023-05-14,2023,5,eThekwini Metropolitan Municipality,KwaZulu-Natal,South Africa,treatment_works_failure,0,Adams Mission,Adams Mission,1,Electrical Fault at Midmar Treatment Works Affects Water Supply To The Western Aqueduct,https://www.durban.gov.za/press-statement/Electrical%2BFault%2Bat%2BMidmar%2BTreatment%2BWorks%2BAffects%2BWater%2BSupply%2BTo%2BThe%2BWestern%2BAqueduct,Official eThekwini Municipality public notice / press statement,Factual affected-area event compiled from the cited official municipal notice; not a synthetic observation.
17,E002,2023-05-14,2023,5,eThekwini Metropolitan Municipality,KwaZulu-Natal,South Africa,treatment_works_failure,0,KwaXimba,KwaXimba,1,Electrical Fault at Midmar Treatment Works Affects Water Supply To The Western Aqueduct,https://www.durban.gov.za/press-statement/Electrical%2BFault%2Bat%2BMidmar%2BTreatment%2BWorks%2BAffects%2BWater%2BSupply%2BTo%2BThe%2BWestern%2BAqueduct,Official eThekwini Municipality public notice / press statement,Factual affected-area event compiled from the cited official municipal notice; not a synthetic observation.
18,E002,2023-05-14,2023,5,eThekwini Metropolitan Municipality,KwaZulu-Natal,South Africa,treatment_works_failure,0,Cato Ridge,Cato Ridge,1,Electrical Fault at Midmar Treatment Works Affects Water Supply To The Western Aqueduct,https://www.durban.gov.za/press-statement/Electrical%2BFault%2Bat%2BMidmar%2BTreatment%2BWorks%2BAffects%2BWater%2BSupply%2BTo%2BThe%2BWestern%2BAqueduct,Official eThekwini Municipality public notice / press statement,Factual affected-area event compiled from the cited official municipal notice; not a synthetic observation.
19,E002,2023-05-14,2023,5,eThekwini Metropolitan Municipality,KwaZulu-Natal,South Africa,treatment_works_failure,0,Georgedale,Georgedale,1,Electrical Fault at Midmar Treatment Works Affects Water Supply To The Western Aqueduct,https://www.durban.gov.za/press-statement/Electrical%2BFault%2Bat%2BMidmar%2BTreatment%2BWorks%2BAffects%2BWater%2BSupply%2BTo%2BThe%2BWestern%2BAqueduct,Official eThekwini Municipality public notice / press statement,Factual affected-area event compiled from the cited official municipal notice; not a synthetic observation.
20,E002,2023-05-14,2023,5,eThekwini Metropolitan Municipality,KwaZulu-Natal,South Africa,treatment_works_failure,0,Hammersdale,Hammersdale,1,Electrical Fault at Midmar Treatment Works Affects Water Supply To The Western Aqueduct,https://www.durban.gov.za/press-statement/Electrical%2BFault%2Bat%2BMidmar%2BTreatment%2BWorks%2BAffects%2BWater%2BSupply%2BTo%2BThe%2BWestern%2BAqueduct,Official eThekwini Municipality public notice / press statement,Factual affected-area event compiled from the cited official municipal notice; not a synthetic observation.
21,E002,2023-05-14,2023,5,eThekwini Metropolitan Municipality,KwaZulu-Natal,South Africa,treatment_works_failure,0,Mpumalanga,Mpumalanga,1,Electrical Fault at Midmar Treatment Works Affects Water Supply To The Western Aqueduct,https://www.durban.gov.za/press-statement/Electrical%2BFault%2Bat%2BMidmar%2BTreatment%2BWorks%2BAffects%2BWater%2BSupply%2BTo%2BThe%2BWestern%2BAqueduct,Official eThekwini Municipality public notice / press statement,Factual affected-area event compiled from the cited official municipal notice; not a synthetic observation.
22,E002,2023-05-14,2023,5,eThekwini Metropolitan Municipality,KwaZulu-Natal,South Africa,treatment_works_failure,0,Mlaba Village,Mlaba Village,1,Electrical Fault at Midmar Treatment Works Affects Water Supply To The Western Aqueduct,https://www.durban.gov.za/press-statement/Electrical%2BFault%2Bat%2BMidmar%2BTreatment%2BWorks%2BAffects%2BWater%2BSupply%2BTo%2BThe%2BWestern%2BAqueduct,Official eThekwini Municipality public notice / press statement,Factual affected-area event compiled from the cited official municipal notice; not a synthetic observation.
23,E002,2023-05-14,2023,5,eThekwini Metropolitan Municipality,KwaZulu-Natal,South Africa,treatment_works_failure,0,Drummond,Drummond,1,Electrical Fault at Midmar Treatment Works Affects Water Supply To The Western Aqueduct,https://www.durban.gov.za/press-statement/Electrical%2BFault%2Bat%2BMidmar%2BTreatment%2BWorks%2BAffects%2BWater%2BSupply%2BTo%2BThe%2BWestern%2BAqueduct,Official eThekwini Municipality public notice / press statement,Factual affected-area event compiled from the cited official municipal notice; not a synthetic observation.
24,E002,2023-05-14,2023,5,eThekwini Metropolitan Municipality,KwaZulu-Natal,South Africa,treatment_works_failure,0,Cliffdale,Cliffdale,1,Electrical Fault at Midmar Treatment Works Affects Water Supply To The Western Aqueduct,https://www.durban.gov.za/press-statement/Electrical%2BFault%2Bat%2BMidmar%2BTreatment%2BWorks%2BAffects%2BWater%2BSupply%2BTo%2BThe%2BWestern%2BAqueduct,Official eThekwini Municipality public notice / press statement,Factual affected-area event compiled from the cited official municipal notice; not a synthetic observation.
25,E002,2023-05-14,2023,5,eThekwini Metropolitan Municipality,KwaZulu-Natal,South Africa,treatment_works_failure,0,Skhelekehleni,Skhelekehleni,1,Electrical Fault at Midmar Treatment Works Affects Water Supply To The Western Aqueduct,https://www.durban.gov.za/press-statement/Electrical%2BFault%2Bat%2BMidmar%2BTreatment%2BWorks%2BAffects%2BWater%2BSupply%2BTo%2BThe%2BWestern%2BAqueduct,Official eThekwini Municipality public notice / press statement,Factual affected-area event compiled from the cited official municipal notice; not a synthetic observation.
26,E002,2023-05-14,2023,5,eThekwini Metropolitan Municipality,KwaZulu-Natal,South Africa,treatment_works_failure,0,Inchanga,Inchanga,1,Electrical Fault at Midmar Treatment Works Affects Water Supply To The Western Aqueduct,https://www.durban.gov.za/press-statement/Electrical%2BFault%2Bat%2BMidmar%2BTreatment%2BWorks%2BAffects%2BWater%2BSupply%2BTo%2BThe%2BWestern%2BAqueduct,Official eThekwini Municipality public notice / press statement,Factual affected-area event compiled from the cited official municipal notice; not a synthetic observation.
27,E002,2023-05-14,2023,5,eThekwini Metropolitan Municipality,KwaZulu-Natal,South Africa,treatment_works_failure,0,Isithumba,Isithumba,1,Electrical Fault at Midmar Treatment Works Affects Water Supply To The Western Aqueduct,https://www.durban.gov.za/press-statement/Electrical%2BFault%2Bat%2BMidmar%2BTreatment%2BWorks%2BAffects%2BWater%2BSupply%2BTo%2BThe%2BWestern%2BAqueduct,Official eThekwini Municipality public notice / press statement,Factual affected-area event compiled from the cited official municipal notice; not a synthetic observation.
28,E002,2023-05-14,2023,5,eThekwini Metropolitan Municipality,KwaZulu-Natal,South Africa,treatment_works_failure,0,Hillcrest,Hillcrest,1,Electrical Fault at Midmar Treatment Works Affects Water Supply To The Western Aqueduct,https://www.durban.gov.za/press-statement/Electrical%2BFault%2Bat%2BMidmar%2BTreatment%2BWorks%2BAffects%2BWater%2BSupply%2BTo%2BThe%2BWestern%2BAqueduct,Official eThekwini Municipality public notice / press statement,Factual affected-area event compiled from the cited official municipal notice; not a synthetic observation.
29,E002,2023-05-14,2023,5,eThekwini Metropolitan Municipality,KwaZulu-Natal,South Africa,treatment_works_failure,0,Kwanyuswa,Kwanyuswa,1,Electrical Fault at Midmar Treatment Works Affects Water Supply To The Western Aqueduct,https://www.durban.gov.za/press-statement/Electrical%2BFault%2Bat%2BMidmar%2BTreatment%2BWorks%2BAffects%2BWater%2BSupply%2BTo%2BThe%2BWestern%2BAqueduct,Official eThekwini Municipality public notice / press statement,Factual affected-area event compiled from the cited official municipal notice; not a synthetic observation.
30,E002,2023-05-14,2023,5,eThekwini Metropolitan Municipality,KwaZulu-Natal,South Africa,treatment_works_failure,0,Bothas Hill,Bothas Hill,1,Electrical Fault at Midmar Treatment Works Affects Water Supply To The Western Aqueduct,https://www.durban.gov.za/press-statement/Electrical%2BFault%2Bat%2BMidmar%2BTreatment%2BWorks%2BAffects%2BWater%2BSupply%2BTo%2BThe%2BWestern%2BAqueduct,Official eThekwini Municipality public notice / press statement,Factual affected-area event compiled from the cited official municipal notice; not a synthetic observation.
31,E002,2023-05-14,2023,5,eThekwini Metropolitan Municipality,KwaZulu-Natal,South Africa,treatment_works_failure,0,Kloof,Kloof,1,Electrical Fault at Midmar Treatment Works Affects Water Supply To The Western Aqueduct,https://www.durban.gov.za/press-statement/Electrical%2BFault%2Bat%2BMidmar%2BTreatment%2BWorks%2BAffects%2BWater%2BSupply%2BTo%2BThe%2BWestern%2BAqueduct,Official eThekwini Municipality public notice / press statement,Factual affected-area event compiled from the cited official municipal notice; not a synthetic observation.
32,E002,2023-05-14,2023,5,eThekwini Metropolitan Municipality,KwaZulu-Natal,South Africa,treatment_works_failure,0,New Germany,New Germany,1,Electrical Fault at Midmar Treatment Works Affects Water Supply To The Western Aqueduct,https://www.durban.gov.za/press-statement/Electrical%2BFault%2Bat%2BMidmar%2BTreatment%2BWorks%2BAffects%2BWater%2BSupply%2BTo%2BThe%2BWestern%2BAqueduct,Official eThekwini Municipality public notice / press statement,Factual affected-area event compiled from the cited official municipal notice; not a synthetic observation.
33,E002,2023-05-14,2023,5,eThekwini Metropolitan Municipality,KwaZulu-Natal,South Africa,treatment_works_failure,0,Westmead,Westmead,1,Electrical Fault at Midmar Treatment Works Affects Water Supply To The Western Aqueduct,https://www.durban.gov.za/press-statement/Electrical%2BFault%2Bat%2BMidmar%2BTreatment%2BWorks%2BAffects%2BWater%2BSupply%2BTo%2BThe%2BWestern%2BAqueduct,Official eThekwini Municipality public notice / press statement,Factual affected-area event compiled from the cited official municipal notice; not a synthetic observation.
34,E002,2023-05-14,2023,5,eThekwini Metropolitan Municipality,KwaZulu-Natal,South Africa,treatment_works_failure,0,Tshelimnyama,Tshelimnyama,1,Electrical Fault at Midmar Treatment Works Affects Water Supply To The Western Aqueduct,https://www.durban.gov.za/press-statement/Electrical%2BFault%2Bat%2BMidmar%2BTreatment%2BWorks%2BAffects%2BWater%2BSupply%2BTo%2BThe%2BWestern%2BAqueduct,Official eThekwini Municipality public notice / press statement,Factual affected-area event compiled from the cited official municipal notice; not a synthetic observation.
35,E002,2023-05-14,2023,5,eThekwini Metropolitan Municipality,KwaZulu-Natal,South Africa,treatment_works_failure,0,KwaNdengezi,KwaNdengezi,1,Electrical Fault at Midmar Treatment Works Affects Water Supply To The Western Aqueduct,https://www.durban.gov.za/press-statement/Electrical%2BFault%2Bat%2BMidmar%2BTreatment%2BWorks%2BAffects%2BWater%2BSupply%2BTo%2BThe%2BWestern%2BAqueduct,Official eThekwini Municipality public notice / press statement,Factual affected-area event compiled from the cited official municipal notice; not a synthetic observation.
36,E002,2023-05-14,2023,5,eThekwini Metropolitan Municipality,KwaZulu-Natal,South Africa,treatment_works_failure,0,Dassenhoek,Dassenhoek,1,Electrical Fault at Midmar Treatment Works Affects Water Supply To The Western Aqueduct,https://www.durban.gov.za/press-statement/Electrical%2BFault%2Bat%2BMidmar%2BTreatment%2BWorks%2BAffects%2BWater%2BSupply%2BTo%2BThe%2BWestern%2BAqueduct,Official eThekwini Municipality public notice / press statement,Factual affected-area event compiled from the cited official municipal notice; not a synthetic observation.
37,E002,2023-05-14,2023,5,eThekwini Metropolitan Municipality,KwaZulu-Natal,South Africa,treatment_works_failure,0,Coffee Farm,Coffee Farm,1,Electrical Fault at Midmar Treatment Works Affects Water Supply To The Western Aqueduct,https://www.durban.gov.za/press-statement/Electrical%2BFault%2Bat%2BMidmar%2BTreatment%2BWorks%2BAffects%2BWater%2BSupply%2BTo%2BThe%2BWestern%2BAqueduct,Official eThekwini Municipality public notice / press statement,Factual affected-area event compiled from the cited official municipal notice; not a synthetic observation.
38,E002,2023-05-14,2023,5,eThekwini Metropolitan Municipality,KwaZulu-Natal,South Africa,treatment_works_failure,0,KwaNdengezi Pitoli,KwaNdengezi Pitoli,1,Electrical Fault at Midmar Treatment Works Affects Water Supply To The Western Aqueduct,https://www.durban.gov.za/press-statement/Electrical%2BFault%2Bat%2BMidmar%2BTreatment%2BWorks%2BAffects%2BWater%2BSupply%2BTo%2BThe%2BWestern%2BAqueduct,Official eThekwini Municipality public notice / press statement,Factual affected-area event compiled from the cited official municipal notice; not a synthetic observation.
39,E002,2023-05-14,2023,5,eThekwini Metropolitan Municipality,KwaZulu-Natal,South Africa,treatment_works_failure,0,Ntuzuma,Ntuzuma,1,Electrical Fault at Midmar Treatment Works Affects Water Supply To The Western Aqueduct,https://www.durban.gov.za/press-statement/Electrical%2BFault%2Bat%2BMidmar%2BTreatment%2BWorks%2BAffects%2BWater%2BSupply%2BTo%2BThe%2BWestern%2BAqueduct,Official eThekwini Municipality public notice / press statement,Factual affected-area event compiled from the cited official municipal notice; not a synthetic observation.
40,E002,2023-05-14,2023,5,eThekwini Metropolitan Municipality,KwaZulu-Natal,South Africa,treatment_works_failure,0,Mzinyathi,Mzinyathi,1,Electrical Fault at Midmar Treatment Works Affects Water Supply To The Western Aqueduct,https://www.durban.gov.za/press-statement/Electrical%2BFault%2Bat%2BMidmar%2BTreatment%2BWorks%2BAffects%2BWater%2BSupply%2BTo%2BThe%2BWestern%2BAqueduct,Official eThekwini Municipality public notice / press statement,Factual affected-area event compiled from the cited official municipal notice; not a synthetic observation.
41,E002,2023-05-14,2023,5,eThekwini Metropolitan Municipality,KwaZulu-Natal,South Africa,treatment_works_failure,0,Crestholme,Crestholme,1,Electrical Fault at Midmar Treatment Works Affects Water Supply To The Western Aqueduct,https://www.durban.gov.za/press-statement/Electrical%2BFault%2Bat%2BMidmar%2BTreatment%2BWorks%2BAffects%2BWater%2BSupply%2BTo%2BThe%2BWestern%2BAqueduct,Official eThekwini Municipality public notice / press statement,Factual affected-area event compiled from the cited official municipal notice; not a synthetic observation.
42,E002,2023-05-14,2023,5,eThekwini Metropolitan Municipality,KwaZulu-Natal,South Africa,treatment_works_failure,0,Waterfall,Waterfall,1,Electrical Fault at Midmar Treatment Works Affects Water Supply To The Western Aqueduct,https://www.durban.gov.za/press-statement/Electrical%2BFault%2Bat%2BMidmar%2BTreatment%2BWorks%2BAffects%2BWater%2BSupply%2BTo%2BThe%2BWestern%2BAqueduct,Official eThekwini Municipality public notice / press statement,Factual affected-area event compiled from the cited official municipal notice; not a synthetic observation.
43,E002,2023-05-14,2023,5,eThekwini Metropolitan Municipality,KwaZulu-Natal,South Africa,treatment_works_failure,0,Amatikwe,Amatikwe,1,Electrical Fault at Midmar Treatment Works Affects Water Supply To The Western Aqueduct,https://www.durban.gov.za/press-statement/Electrical%2BFault%2Bat%2BMidmar%2BTreatment%2BWorks%2BAffects%2BWater%2BSupply%2BTo%2BThe%2BWestern%2BAqueduct,Official eThekwini Municipality public notice / press statement,Factual affected-area event compiled from the cited official municipal notice; not a synthetic observation.
44,E002,2023-05-14,2023,5,eThekwini Metropolitan Municipality,KwaZulu-Natal,South Africa,treatment_works_failure,0,Etafuleni,Etafuleni,1,Electrical Fault at Midmar Treatment Works Affects Water Supply To The Western Aqueduct,https://www.durban.gov.za/press-statement/Electrical%2BFault%2Bat%2BMidmar%2BTreatment%2BWorks%2BAffects%2BWater%2BSupply%2BTo%2BThe%2BWestern%2BAqueduct,Official eThekwini Municipality public notice / press statement,Factual affected-area event compiled from the cited official municipal notice; not a synthetic observation.
45,E002,2023-05-14,2023,5,eThekwini Metropolitan Municipality,KwaZulu-Natal,South Africa,treatment_works_failure,0,Amaoti,Amaoti,1,Electrical Fault at Midmar Treatment Works Affects Water Supply To The Western Aqueduct,https://www.durban.gov.za/press-statement/Electrical%2BFault%2Bat%2BMidmar%2BTreatment%2BWorks%2BAffects%2BWater%2BSupply%2BTo%2BThe%2BWestern%2BAqueduct,Official eThekwini Municipality public notice / press statement,Factual affected-area event compiled from the cited official municipal notice; not a synthetic observation.
46,E002,2023-05-14,2023,5,eThekwini Metropolitan Municipality,KwaZulu-Natal,South Africa,treatment_works_failure,0,Molweni,Molweni,1,Electrical Fault at Midmar Treatment Works Affects Water Supply To The Western Aqueduct,https://www.durban.gov.za/press-statement/Electrical%2BFault%2Bat%2BMidmar%2BTreatment%2BWorks%2BAffects%2BWater%2BSupply%2BTo%2BThe%2BWestern%2BAqueduct,Official eThekwini Municipality public notice / press statement,Factual affected-area event compiled from the cited official municipal notice; not a synthetic observation.
47,E002,2023-05-14,2023,5,eThekwini Metropolitan Municipality,KwaZulu-Natal,South Africa,treatment_works_failure,0,Kwanqetho,Kwanqetho,1,Electrical Fault at Midmar Treatment Works Affects Water Supply To The Western Aqueduct,https://www.durban.gov.za/press-statement/Electrical%2BFault%2Bat%2BMidmar%2BTreatment%2BWorks%2BAffects%2BWater%2BSupply%2BTo%2BThe%2BWestern%2BAqueduct,Official eThekwini Municipality public notice / press statement,Factual affected-area event compiled from the cited official municipal notice; not a synthetic observation.
48,E002,2023-05-14,2023,5,eThekwini Metropolitan Municipality,KwaZulu-Natal,South Africa,treatment_works_failure,0,Mshazi,Mshazi,1,Electrical Fault at Midmar Treatment Works Affects Water Supply To The Western Aqueduct,https://www.durban.gov.za/press-statement/Electrical%2BFault%2Bat%2BMidmar%2BTreatment%2BWorks%2BAffects%2BWater%2BSupply%2BTo%2BThe%2BWestern%2BAqueduct,Official eThekwini Municipality public notice / press statement,Factual affected-area event compiled from the cited official municipal notice; not a synthetic observation.
49,E002,2023-05-14,2023,5,eThekwini Metropolitan Municipality,KwaZulu-Natal,South Africa,treatment_works_failure,0,Embo,Embo,1,Electrical Fault at Midmar Treatment Works Affects Water Supply To The Western Aqueduct,https://www.durban.gov.za/press-statement/Electrical%2BFault%2Bat%2BMidmar%2BTreatment%2BWorks%2BAffects%2BWater%2BSupply%2BTo%2BThe%2BWestern%2BAqueduct,Official eThekwini Municipality public notice / press statement,Factual affected-area event compiled from the cited official municipal notice; not a synthetic observation.
50,E002,2023-05-14,2023,5,eThekwini Metropolitan Municipality,KwaZulu-Natal,South Africa,treatment_works_failure,0,Salem,Salem,1,Electrical Fault at Midmar Treatment Works Affects Water Supply To The Western Aqueduct,https://www.durban.gov.za/press-statement/Electrical%2BFault%2Bat%2BMidmar%2BTreatment%2BWorks%2BAffects%2BWater%2BSupply%2BTo%2BThe%2BWestern%2BAqueduct,Official eThekwini Municipality public notice / press statement,Factual affected-area event compiled from the cited official municipal notice; not a synthetic observation.
51,E002,2023-05-14,2023,5,eThekwini Metropolitan Municipality,KwaZulu-Natal,South Africa,treatment_works_failure,0,Zwelibomvu,Zwelibomvu,1,Electrical Fault at Midmar Treatment Works Affects Water Supply To The Western Aqueduct,https://www.durban.gov.za/press-statement/Electrical%2BFault%2Bat%2BMidmar%2BTreatment%2BWorks%2BAffects%2BWater%2BSupply%2BTo%2BThe%2BWestern%2BAqueduct,Official eThekwini Municipality public notice / press statement,Factual affected-area event compiled from the cited official municipal notice; not a synthetic observation.
52,E002,2023-05-14,2023,5,eThekwini Metropolitan Municipality,KwaZulu-Natal,South Africa,treatment_works_failure,0,Shongweni,Shongweni,1,Electrical Fault at Midmar Treatment Works Affects Water Supply To The Western Aqueduct,https://www.durban.gov.za/press-statement/Electrical%2BFault%2Bat%2BMidmar%2BTreatment%2BWorks%2BAffects%2BWater%2BSupply%2BTo%2BThe%2BWestern%2BAqueduct,Official eThekwini Municipality public notice / press statement,Factual affected-area event compiled from the cited official municipal notice; not a synthetic observation.
53,E002,2023-05-14,2023,5,eThekwini Metropolitan Municipality,KwaZulu-Natal,South Africa,treatment_works_failure,0,Ntshongweni,Ntshongweni,1,Electrical Fault at Midmar Treatment Works Affects Water Supply To The Western Aqueduct,https://www.durban.gov.za/press-statement/Electrical%2BFault%2Bat%2BMidmar%2BTreatment%2BWorks%2BAffects%2BWater%2BSupply%2BTo%2BThe%2BWestern%2BAqueduct,Official eThekwini Municipality public notice / press statement,Factual affected-area event compiled from the cited official municipal notice; not a synthetic observation.
54,E003,2023-06-22,2023,6,eThekwini Metropolitan Municipality,KwaZulu-Natal,South Africa,pipeline_failure,0,Athlone Park,Athlone Park,1,Interruption Of Water Supply On The South Coast Augmentation Pipeline,https://www.durban.gov.za/press-statement/Interruption%2BOf%2BWater%2BSupply%2BOn%2BThe%2BSouth%2BCoast%2BAugmentation%2BPipeline,Official eThekwini Municipality public notice / press statement,Factual affected-area event compiled from the cited official municipal notice; not a synthetic observation.
55,E003,2023-06-22,2023,6,eThekwini Metropolitan Municipality,KwaZulu-Natal,South Africa,pipeline_failure,0,Ezimbokodweni,Ezimbokodweni,1,Interruption Of Water Supply On The South Coast Augmentation Pipeline,https://www.durban.gov.za/press-statement/Interruption%2BOf%2BWater%2BSupply%2BOn%2BThe%2BSouth%2BCoast%2BAugmentation%2BPipeline,Official eThekwini Municipality public notice / press statement,Factual affected-area event compiled from the cited official municipal notice; not a synthetic observation.
56,E003,2023-06-22,2023,6,eThekwini Metropolitan Municipality,KwaZulu-Natal,South Africa,pipeline_failure,0,Amanzimtoti CBD,Amanzimtoti CBD,1,Interruption Of Water Supply On The South Coast Augmentation Pipeline,https://www.durban.gov.za/press-statement/Interruption%2BOf%2BWater%2BSupply%2BOn%2BThe%2BSouth%2BCoast%2BAugmentation%2BPipeline,Official eThekwini Municipality public notice / press statement,Factual affected-area event compiled from the cited official municipal notice; not a synthetic observation.
57,E003,2023-06-22,2023,6,eThekwini Metropolitan Municipality,KwaZulu-Natal,South Africa,pipeline_failure,0,Almond,Almond,1,Interruption Of Water Supply On The South Coast Augmentation Pipeline,https://www.durban.gov.za/press-statement/Interruption%2BOf%2BWater%2BSupply%2BOn%2BThe%2BSouth%2BCoast%2BAugmentation%2BPipeline,Official eThekwini Municipality public notice / press statement,Factual affected-area event compiled from the cited official municipal notice; not a synthetic observation.
58,E003,2023-06-22,2023,6,eThekwini Metropolitan Municipality,KwaZulu-Natal,South Africa,pipeline_failure,0,Kingsburgh,Kingsburgh,1,Interruption Of Water Supply On The South Coast Augmentation Pipeline,https://www.durban.gov.za/press-statement/Interruption%2BOf%2BWater%2BSupply%2BOn%2BThe%2BSouth%2BCoast%2BAugmentation%2BPipeline,Official eThekwini Municipality public notice / press statement,Factual affected-area event compiled from the cited official municipal notice; not a synthetic observation.
59,E003,2023-06-22,2023,6,eThekwini Metropolitan Municipality,KwaZulu-Natal,South Africa,pipeline_failure,0,Doonside,Doonside,1,Interruption Of Water Supply On The South Coast Augmentation Pipeline,https://www.durban.gov.za/press-statement/Interruption%2BOf%2BWater%2BSupply%2BOn%2BThe%2BSouth%2BCoast%2BAugmentation%2BPipeline,Official eThekwini Municipality public notice / press statement,Factual affected-area event compiled from the cited official municipal notice; not a synthetic observation.
60,E003,2023-06-22,2023,6,eThekwini Metropolitan Municipality,KwaZulu-Natal,South Africa,pipeline_failure,0,Illovo Beach,Illovo Beach,1,Interruption Of Water Supply On The South Coast Augmentation Pipeline,https://www.durban.gov.za/press-statement/Interruption%2BOf%2BWater%2BSupply%2BOn%2BThe%2BSouth%2BCoast%2BAugmentation%2BPipeline,Official eThekwini Municipality public notice / press statement,Factual affected-area event compiled from the cited official municipal notice; not a synthetic observation.
61,E003,2023-06-22,2023,6,eThekwini Metropolitan Municipality,KwaZulu-Natal,South Africa,pipeline_failure,0,Panorama Park,Panorama Park,1,Interruption Of Water Supply On The South Coast Augmentation Pipeline,https://www.durban.gov.za/press-statement/Interruption%2BOf%2BWater%2BSupply%2BOn%2BThe%2BSouth%2BCoast%2BAugmentation%2BPipeline,Official eThekwini Municipality public notice / press statement,Factual affected-area event compiled from the cited official municipal notice; not a synthetic observation.
62,E003,2023-06-22,2023,6,eThekwini Metropolitan Municipality,KwaZulu-Natal,South Africa,pipeline_failure,0,Umgababa,Umgababa,1,Interruption Of Water Supply On The South Coast Augmentation Pipeline,https://www.durban.gov.za/press-statement/Interruption%2BOf%2BWater%2BSupply%2BOn%2BThe%2BSouth%2BCoast%2BAugmentation%2BPipeline,Official eThekwini Municipality public notice / press statement,Factual affected-area event compiled from the cited official municipal notice; not a synthetic observation.
63,E003,2023-06-22,2023,6,eThekwini Metropolitan Municipality,KwaZulu-Natal,South Africa,pipeline_failure,0,Mgobhozini,Mgobhozini,1,Interruption Of Water Supply On The South Coast Augmentation Pipeline,https://www.durban.gov.za/press-statement/Interruption%2BOf%2BWater%2BSupply%2BOn%2BThe%2BSouth%2BCoast%2BAugmentation%2BPipeline,Official eThekwini Municipality public notice / press statement,Factual affected-area event compiled from the cited official municipal notice; not a synthetic observation.
64,E003,2023-06-22,2023,6,eThekwini Metropolitan Municipality,KwaZulu-Natal,South Africa,pipeline_failure,0,Mfume,Mfume,1,Interruption Of Water Supply On The South Coast Augmentation Pipeline,https://www.durban.gov.za/press-statement/Interruption%2BOf%2BWater%2BSupply%2BOn%2BThe%2BSouth%2BCoast%2BAugmentation%2BPipeline,Official eThekwini Municipality public notice / press statement,Factual affected-area event compiled from the cited official municipal notice; not a synthetic observation.
65,E003,2023-06-22,2023,6,eThekwini Metropolitan Municipality,KwaZulu-Natal,South Africa,pipeline_failure,0,KwaSoni,KwaSoni,1,Interruption Of Water Supply On The South Coast Augmentation Pipeline,https://www.durban.gov.za/press-statement/Interruption%2BOf%2BWater%2BSupply%2BOn%2BThe%2BSouth%2BCoast%2BAugmentation%2BPipeline,Official eThekwini Municipality public notice / press statement,Factual affected-area event compiled from the cited official municipal notice; not a synthetic observation.
66,E003,2023-06-22,2023,6,eThekwini Metropolitan Municipality,KwaZulu-Natal,South Africa,pipeline_failure,0,Mashiwase,Mashiwase,1,Interruption Of Water Supply On The South Coast Augmentation Pipeline,https://www.durban.gov.za/press-statement/Interruption%2BOf%2BWater%2BSupply%2BOn%2BThe%2BSouth%2BCoast%2BAugmentation%2BPipeline,Official eThekwini Municipality public notice / press statement,Factual affected-area event compiled from the cited official municipal notice; not a synthetic observation.
67,E003,2023-06-22,2023,6,eThekwini Metropolitan Municipality,KwaZulu-Natal,South Africa,pipeline_failure,0,Nkwali,Nkwali,1,Interruption Of Water Supply On The South Coast Augmentation Pipeline,https://www.durban.gov.za/press-statement/Interruption%2BOf%2BWater%2BSupply%2BOn%2BThe%2BSouth%2BCoast%2BAugmentation%2BPipeline,Official eThekwini Municipality public notice / press statement,Factual affected-area event compiled from the cited official municipal notice; not a synthetic observation.
68,E003,2023-06-22,2023,6,eThekwini Metropolitan Municipality,KwaZulu-Natal,South Africa,pipeline_failure,0,Lovu,Lovu,1,Interruption Of Water Supply On The South Coast Augmentation Pipeline,https://www.durban.gov.za/press-statement/Interruption%2BOf%2BWater%2BSupply%2BOn%2BThe%2BSouth%2BCoast%2BAugmentation%2BPipeline,Official eThekwini Municipality public notice / press statement,Factual affected-area event compiled from the cited official municipal notice; not a synthetic observation.
69,E003,2023-06-22,2023,6,eThekwini Metropolitan Municipality,KwaZulu-Natal,South Africa,pipeline_failure,0,Bhekulwandle,Bhekulwandle,1,Interruption Of Water Supply On The South Coast Augmentation Pipeline,https://www.durban.gov.za/press-statement/Interruption%2BOf%2BWater%2BSupply%2BOn%2BThe%2BSouth%2BCoast%2BAugmentation%2BPipeline,Official eThekwini Municipality public notice / press statement,Factual affected-area event compiled from the cited official municipal notice; not a synthetic observation.
70,E003,2023-06-22,2023,6,eThekwini Metropolitan Municipality,KwaZulu-Natal,South Africa,pipeline_failure,0,KwaMakhutha,KwaMakhutha,1,Interruption Of Water Supply On The South Coast Augmentation Pipeline,https://www.durban.gov.za/press-statement/Interruption%2BOf%2BWater%2BSupply%2BOn%2BThe%2BSouth%2BCoast%2BAugmentation%2BPipeline,Official eThekwini Municipality public notice / press statement,Factual affected-area event compiled from the cited official municipal notice; not a synthetic observation.
71,E003,2023-06-22,2023,6,eThekwini Metropolitan Municipality,KwaZulu-Natal,South Africa,pipeline_failure,0,Mkhazini,Mkhazini,1,Interruption Of Water Supply On The South Coast Augmentation Pipeline,https://www.durban.gov.za/press-statement/Interruption%2BOf%2BWater%2BSupply%2BOn%2BThe%2BSouth%2BCoast%2BAugmentation%2BPipeline,Official eThekwini Municipality public notice / press statement,Factual affected-area event compiled from the cited official municipal notice; not a synthetic observation.
72,E003,2023-06-22,2023,6,eThekwini Metropolitan Municipality,KwaZulu-Natal,South Africa,pipeline_failure,0,KwaFakazi,KwaFakazi,1,Interruption Of Water Supply On The South Coast Augmentation Pipeline,https://www.durban.gov.za/press-statement/Interruption%2BOf%2BWater%2BSupply%2BOn%2BThe%2BSouth%2BCoast%2BAugmentation%2BPipeline,Official eThekwini Municipality public notice / press statement,Factual affected-area event compiled from the cited official municipal notice; not a synthetic observation.
73,E003,2023-06-22,2023,6,eThekwini Metropolitan Municipality,KwaZulu-Natal,South Africa,pipeline_failure,0,KwaMgendwa,KwaMgendwa,1,Interruption Of Water Supply On The South Coast Augmentation Pipeline,https://www.durban.gov.za/press-statement/Interruption%2BOf%2BWater%2BSupply%2BOn%2BThe%2BSouth%2BCoast%2BAugmentation%2BPipeline,Official eThekwini Municipality public notice / press statement,Factual affected-area event compiled from the cited official municipal notice; not a synthetic observation.
74,E003,2023-06-22,2023,6,eThekwini Metropolitan Municipality,KwaZulu-Natal,South Africa,pipeline_failure,0,Mahlathini,Mahlathini,1,Interruption Of Water Supply On The South Coast Augmentation Pipeline,https://www.durban.gov.za/press-statement/Interruption%2BOf%2BWater%2BSupply%2BOn%2BThe%2BSouth%2BCoast%2BAugmentation%2BPipeline,Official eThekwini Municipality public notice / press statement,Factual affected-area event compiled from the cited official municipal notice; not a synthetic observation.
75,E003,2023-06-22,2023,6,eThekwini Metropolitan Municipality,KwaZulu-Natal,South Africa,pipeline_failure,0,Ohlongeni,Ohlongeni,1,Interruption Of Water Supply On The South Coast Augmentation Pipeline,https://www.durban.gov.za/press-statement/Interruption%2BOf%2BWater%2BSupply%2BOn%2BThe%2BSouth%2BCoast%2BAugmentation%2BPipeline,Official eThekwini Municipality public notice / press statement,Factual affected-area event compiled from the cited official municipal notice; not a synthetic observation.
76,E003,2023-06-22,2023,6,eThekwini Metropolitan Municipality,KwaZulu-Natal,South Africa,pipeline_failure,0,eKuphileni,eKuphileni,1,Interruption Of Water Supply On The South Coast Augmentation Pipeline,https://www.durban.gov.za/press-statement/Interruption%2BOf%2BWater%2BSupply%2BOn%2BThe%2BSouth%2BCoast%2BAugmentation%2BPipeline,Official eThekwini Municipality public notice / press statement,Factual affected-area event compiled from the cited official municipal notice; not a synthetic observation.
77,E003,2023-06-22,2023,6,eThekwini Metropolitan Municipality,KwaZulu-Natal,South Africa,pipeline_failure,0,Adams Mission,Adams Mission,1,Interruption Of Water Supply On The South Coast Augmentation Pipeline,https://www.durban.gov.za/press-statement/Interruption%2BOf%2BWater%2BSupply%2BOn%2BThe%2BSouth%2BCoast%2BAugmentation%2BPipeline,Official eThekwini Municipality public notice / press statement,Factual affected-area event compiled from the cited official municipal notice; not a synthetic observation.
78,E003,2023-06-22,2023,6,eThekwini Metropolitan Municipality,KwaZulu-Natal,South Africa,pipeline_failure,0,Umnini,Umnini,1,Interruption Of Water Supply On The South Coast Augmentation Pipeline,https://www.durban.gov.za/press-statement/Interruption%2BOf%2BWater%2BSupply%2BOn%2BThe%2BSouth%2BCoast%2BAugmentation%2BPipeline,Official eThekwini Municipality public notice / press statement,Factual affected-area event compiled from the cited official municipal notice; not a synthetic observation.
79,E003,2023-06-22,2023,6,eThekwini Metropolitan Municipality,KwaZulu-Natal,South Africa,pipeline_failure,0,Magabheni,Magabheni,1,Interruption Of Water Supply On The South Coast Augmentation Pipeline,https://www.durban.gov.za/press-statement/Interruption%2BOf%2BWater%2BSupply%2BOn%2BThe%2BSouth%2BCoast%2BAugmentation%2BPipeline,Official eThekwini Municipality public notice / press statement,Factual affected-area event compiled from the cited official municipal notice; not a synthetic observation.
80,E003,2023-06-22,2023,6,eThekwini Metropolitan Municipality,KwaZulu-Natal,South Africa,pipeline_failure,0,Ehlanzeni,Ehlanzeni,1,Interruption Of Water Supply On The South Coast Augmentation Pipeline,https://www.durban.gov.za/press-statement/Interruption%2BOf%2BWater%2BSupply%2BOn%2BThe%2BSouth%2BCoast%2BAugmentation%2BPipeline,Official eThekwini Municipality public notice / press statement,Factual affected-area event compiled from the cited official municipal notice; not a synthetic observation.
81,E003,2023-06-22,2023,6,eThekwini Metropolitan Municipality,KwaZulu-Natal,South Africa,pipeline_failure,0,Thoyane,Thoyane,1,Interruption Of Water Supply On The South Coast Augmentation Pipeline,https://www.durban.gov.za/press-statement/Interruption%2BOf%2BWater%2BSupply%2BOn%2BThe%2BSouth%2BCoast%2BAugmentation%2BPipeline,Official eThekwini Municipality public notice / press statement,Factual affected-area event compiled from the cited official municipal notice; not a synthetic observation.
82,E003,2023-06-22,2023,6,eThekwini Metropolitan Municipality,KwaZulu-Natal,South Africa,pipeline_failure,0,Umkhomazi,Umkhomazi,1,Interruption Of Water Supply On The South Coast Augmentation Pipeline,https://www.durban.gov.za/press-statement/Interruption%2BOf%2BWater%2BSupply%2BOn%2BThe%2BSouth%2BCoast%2BAugmentation%2BPipeline,Official eThekwini Municipality public notice / press statement,Factual affected-area event compiled from the cited official municipal notice; not a synthetic observation.
83,E003,2023-06-22,2023,6,eThekwini Metropolitan Municipality,KwaZulu-Natal,South Africa,pipeline_failure,0,Craigeburn,Craigeburn,1,Interruption Of Water Supply On The South Coast Augmentation Pipeline,https://www.durban.gov.za/press-statement/Interruption%2BOf%2BWater%2BSupply%2BOn%2BThe%2BSouth%2BCoast%2BAugmentation%2BPipeline,Official eThekwini Municipality public notice / press statement,Factual affected-area event compiled from the cited official municipal notice; not a synthetic observation.
84,E003,2023-06-22,2023,6,eThekwini Metropolitan Municipality,KwaZulu-Natal,South Africa,pipeline_failure,0,Amahlongwa,Amahlongwa,1,Interruption Of Water Supply On The South Coast Augmentation Pipeline,https://www.durban.gov.za/press-statement/Interruption%2BOf%2BWater%2BSupply%2BOn%2BThe%2BSouth%2BCoast%2BAugmentation%2BPipeline,Official eThekwini Municipality public notice / press statement,Factual affected-area event compiled from the cited official municipal notice; not a synthetic observation.
85,E003,2023-06-22,2023,6,eThekwini Metropolitan Municipality,KwaZulu-Natal,South Africa,pipeline_failure,0,Amalundi,Amalundi,1,Interruption Of Water Supply On The South Coast Augmentation Pipeline,https://www.durban.gov.za/press-statement/Interruption%2BOf%2BWater%2BSupply%2BOn%2BThe%2BSouth%2BCoast%2BAugmentation%2BPipeline,Official eThekwini Municipality public notice / press statement,Factual affected-area event compiled from the cited official municipal notice; not a synthetic observation.
86,E003,2023-06-22,2023,6,eThekwini Metropolitan Municipality,KwaZulu-Natal,South Africa,pipeline_failure,0,Crowder Farm,Crowder Farm,1,Interruption Of Water Supply On The South Coast Augmentation Pipeline,https://www.durban.gov.za/press-statement/Interruption%2BOf%2BWater%2BSupply%2BOn%2BThe%2BSouth%2BCoast%2BAugmentation%2BPipeline,Official eThekwini Municipality public notice / press statement,Factual affected-area event compiled from the cited official municipal notice; not a synthetic observation.
87,E003,2023-06-22,2023,6,eThekwini Metropolitan Municipality,KwaZulu-Natal,South Africa,pipeline_failure,0,Malabar Hills,Malabar Hills,1,Interruption Of Water Supply On The South Coast Augmentation Pipeline,https://www.durban.gov.za/press-statement/Interruption%2BOf%2BWater%2BSupply%2BOn%2BThe%2BSouth%2BCoast%2BAugmentation%2BPipeline,Official eThekwini Municipality public notice / press statement,Factual affected-area event compiled from the cited official municipal notice; not a synthetic observation.
88,E003,2023-06-22,2023,6,eThekwini Metropolitan Municipality,KwaZulu-Natal,South Africa,pipeline_failure,0,Isiphingo Rail,Isiphingo Rail,1,Interruption Of Water Supply On The South Coast Augmentation Pipeline,https://www.durban.gov.za/press-statement/Interruption%2BOf%2BWater%2BSupply%2BOn%2BThe%2BSouth%2BCoast%2BAugmentation%2BPipeline,Official eThekwini Municipality public notice / press statement,Factual affected-area event compiled from the cited official municipal notice; not a synthetic observation.
89,E003,2023-06-22,2023,6,eThekwini Metropolitan Municipality,KwaZulu-Natal,South Africa,pipeline_failure,0,Reunion,Reunion,1,Interruption Of Water Supply On The South Coast Augmentation Pipeline,https://www.durban.gov.za/press-statement/Interruption%2BOf%2BWater%2BSupply%2BOn%2BThe%2BSouth%2BCoast%2BAugmentation%2BPipeline,Official eThekwini Municipality public notice / press statement,Factual affected-area event compiled from the cited official municipal notice; not a synthetic observation.
90,E003,2023-06-22,2023,6,eThekwini Metropolitan Municipality,KwaZulu-Natal,South Africa,pipeline_failure,0,Umlazi V,Umlazi V,1,Interruption Of Water Supply On The South Coast Augmentation Pipeline,https://www.durban.gov.za/press-statement/Interruption%2BOf%2BWater%2BSupply%2BOn%2BThe%2BSouth%2BCoast%2BAugmentation%2BPipeline,Official eThekwini Municipality public notice / press statement,Factual affected-area event compiled from the cited official municipal notice; not a synthetic observation.
91,E003,2023-06-22,2023,6,eThekwini Metropolitan Municipality,KwaZulu-Natal,South Africa,pipeline_failure,0,Umlazi Mission A,Umlazi Mission A,1,Interruption Of Water Supply On The South Coast Augmentation Pipeline,https://www.durban.gov.za/press-statement/Interruption%2BOf%2BWater%2BSupply%2BOn%2BThe%2BSouth%2BCoast%2BAugmentation%2BPipeline,Official eThekwini Municipality public notice / press statement,Factual affected-area event compiled from the cited official municipal notice; not a synthetic observation.
92,E003,2023-06-22,2023,6,eThekwini Metropolitan Municipality,KwaZulu-Natal,South Africa,pipeline_failure,0,Isiphingo Beach,Isiphingo Beach,1,Interruption Of Water Supply On The South Coast Augmentation Pipeline,https://www.durban.gov.za/press-statement/Interruption%2BOf%2BWater%2BSupply%2BOn%2BThe%2BSouth%2BCoast%2BAugmentation%2BPipeline,Official eThekwini Municipality public notice / press statement,Factual affected-area event compiled from the cited official municipal notice; not a synthetic observation.
93,E003,2023-06-22,2023,6,eThekwini Metropolitan Municipality,KwaZulu-Natal,South Africa,pipeline_failure,0,Isiphingo Hills,Isiphingo Hills,1,Interruption Of Water Supply On The South Coast Augmentation Pipeline,https://www.durban.gov.za/press-statement/Interruption%2BOf%2BWater%2BSupply%2BOn%2BThe%2BSouth%2BCoast%2BAugmentation%2BPipeline,Official eThekwini Municipality public notice / press statement,Factual affected-area event compiled from the cited official municipal notice; not a synthetic observation.
94,E003,2023-06-22,2023,6,eThekwini Metropolitan Municipality,KwaZulu-Natal,South Africa,pipeline_failure,0,Orient Hills,Orient Hills,1,Interruption Of Water Supply On The South Coast Augmentation Pipeline,https://www.durban.gov.za/press-statement/Interruption%2BOf%2BWater%2BSupply%2BOn%2BThe%2BSouth%2BCoast%2BAugmentation%2BPipeline,Official eThekwini Municipality public notice / press statement,Factual affected-area event compiled from the cited official municipal notice; not a synthetic observation.
95,E003,2023-06-22,2023,6,eThekwini Metropolitan Municipality,KwaZulu-Natal,South Africa,pipeline_failure,0,Prospecton Industrial,Prospecton Industrial,1,Interruption Of Water Supply On The South Coast Augmentation Pipeline,https://www.durban.gov.za/press-statement/Interruption%2BOf%2BWater%2BSupply%2BOn%2BThe%2BSouth%2BCoast%2BAugmentation%2BPipeline,Official eThekwini Municipality public notice / press statement,Factual affected-area event compiled from the cited official municipal notice; not a synthetic observation.
96,E003,2023-06-22,2023,6,eThekwini Metropolitan Municipality,KwaZulu-Natal,South Africa,pipeline_failure,0,Umlazi T,Umlazi T,1,Interruption Of Water Supply On The South Coast Augmentation Pipeline,https://www.durban.gov.za/press-statement/Interruption%2BOf%2BWater%2BSupply%2BOn%2BThe%2BSouth%2BCoast%2BAugmentation%2BPipeline,Official eThekwini Municipality public notice / press statement,Factual affected-area event compiled from the cited official municipal notice; not a synthetic observation.
97,E003,2023-06-22,2023,6,eThekwini Metropolitan Municipality,KwaZulu-Natal,South Africa,pipeline_failure,0,Lotus Park,Lotus Park,1,Interruption Of Water Supply On The South Coast Augmentation Pipeline,https://www.durban.gov.za/press-statement/Interruption%2BOf%2BWater%2BSupply%2BOn%2BThe%2BSouth%2BCoast%2BAugmentation%2BPipeline,Official eThekwini Municipality public notice / press statement,Factual affected-area event compiled from the cited official municipal notice; not a synthetic observation.
98,E003,2023-06-22,2023,6,eThekwini Metropolitan Municipality,KwaZulu-Natal,South Africa,pipeline_failure,0,Malagazi,Malagazi,1,Interruption Of Water Supply On The South Coast Augmentation Pipeline,https://www.durban.gov.za/press-statement/Interruption%2BOf%2BWater%2BSupply%2BOn%2BThe%2BSouth%2BCoast%2BAugmentation%2BPipeline,Official eThekwini Municipality public notice / press statement,Factual affected-area event compiled from the cited official municipal notice; not a synthetic observation.
99,E003,2023-06-22,2023,6,eThekwini Metropolitan Municipality,KwaZulu-Natal,South Africa,pipeline_failure,0,Malukazi,Malukazi,1,Interruption Of Water Supply On The South Coast Augmentation Pipeline,https://www.durban.gov.za/press-statement/Interruption%2BOf%2BWater%2BSupply%2BOn%2BThe%2BSouth%2BCoast%2BAugmentation%2BPipeline,Official eThekwini Municipality public notice / press statement,Factual affected-area event compiled from the cited official municipal notice; not a synthetic observation.
100,E003,2023-06-22,2023,6,eThekwini Metropolitan Municipality,KwaZulu-Natal,South Africa,pipeline_failure,0,Umlazi U,Umlazi U,1,Interruption Of Water Supply On The South Coast Augmentation Pipeline,https://www.durban.gov.za/press-statement/Interruption%2BOf%2BWater%2BSupply%2BOn%2BThe%2BSouth%2BCoast%2BAugmentation%2BPipeline,Official eThekwini Municipality public notice / press statement,Factual affected-area event compiled from the cited official municipal notice; not a synthetic observation.
101,E003,2023-06-22,2023,6,eThekwini Metropolitan Municipality,KwaZulu-Natal,South Africa,pipeline_failure,0,Umlazi Y,Umlazi Y,1,Interruption Of Water Supply On The South Coast Augmentation Pipeline,https://www.durban.gov.za/press-statement/Interruption%2BOf%2BWater%2BSupply%2BOn%2BThe%2BSouth%2BCoast%2BAugmentation%2BPipeline,Official eThekwini Municipality public notice / press statement,Factual affected-area event compiled from the cited official municipal notice; not a synthetic observation.
102,E004,2023-07-08,2023,7,eThekwini Metropolitan Municipality,KwaZulu-Natal,South Africa,pumpstation_recovery,0,Arena Park,Arena Park,1,City Working To Restore Water In Areas Supplied By Northdene 3 Water Pumpstation,https://www.durban.gov.za/press-statement/City%2BWorking%2BTo%2BRestore%2BWater%2BIn%2BAreas%2BSupplied%2BBy%2BNorthdene%2B3%2BWater%2BPumpstation,Official eThekwini Municipality public notice / press statement,Factual affected-area event compiled from the cited official municipal notice; not a synthetic observation.
103,E004,2023-07-08,2023,7,eThekwini Metropolitan Municipality,KwaZulu-Natal,South Africa,pumpstation_recovery,0,Buffels Bosch,Buffels Bosch,1,City Working To Restore Water In Areas Supplied By Northdene 3 Water Pumpstation,https://www.durban.gov.za/press-statement/City%2BWorking%2BTo%2BRestore%2BWater%2BIn%2BAreas%2BSupplied%2BBy%2BNorthdene%2B3%2BWater%2BPumpstation,Official eThekwini Municipality public notice / press statement,Factual affected-area event compiled from the cited official municipal notice; not a synthetic observation.
104,E004,2023-07-08,2023,7,eThekwini Metropolitan Municipality,KwaZulu-Natal,South Africa,pumpstation_recovery,0,Chatsworth Town Centre,Chatsworth Town Centre,1,City Working To Restore Water In Areas Supplied By Northdene 3 Water Pumpstation,https://www.durban.gov.za/press-statement/City%2BWorking%2BTo%2BRestore%2BWater%2BIn%2BAreas%2BSupplied%2BBy%2BNorthdene%2B3%2BWater%2BPumpstation,Official eThekwini Municipality public notice / press statement,Factual affected-area event compiled from the cited official municipal notice; not a synthetic observation.
105,E004,2023-07-08,2023,7,eThekwini Metropolitan Municipality,KwaZulu-Natal,South Africa,pumpstation_recovery,0,Crossmoor,Crossmoor,1,City Working To Restore Water In Areas Supplied By Northdene 3 Water Pumpstation,https://www.durban.gov.za/press-statement/City%2BWorking%2BTo%2BRestore%2BWater%2BIn%2BAreas%2BSupplied%2BBy%2BNorthdene%2B3%2BWater%2BPumpstation,Official eThekwini Municipality public notice / press statement,Factual affected-area event compiled from the cited official municipal notice; not a synthetic observation.
106,E004,2023-07-08,2023,7,eThekwini Metropolitan Municipality,KwaZulu-Natal,South Africa,pumpstation_recovery,0,Ehlanzeni,Ehlanzeni,1,City Working To Restore Water In Areas Supplied By Northdene 3 Water Pumpstation,https://www.durban.gov.za/press-statement/City%2BWorking%2BTo%2BRestore%2BWater%2BIn%2BAreas%2BSupplied%2BBy%2BNorthdene%2B3%2BWater%2BPumpstation,Official eThekwini Municipality public notice / press statement,Factual affected-area event compiled from the cited official municipal notice; not a synthetic observation.
107,E004,2023-07-08,2023,7,eThekwini Metropolitan Municipality,KwaZulu-Natal,South Africa,pumpstation_recovery,0,Klaarwater,Klaarwater,1,City Working To Restore Water In Areas Supplied By Northdene 3 Water Pumpstation,https://www.durban.gov.za/press-statement/City%2BWorking%2BTo%2BRestore%2BWater%2BIn%2BAreas%2BSupplied%2BBy%2BNorthdene%2B3%2BWater%2BPumpstation,Official eThekwini Municipality public notice / press statement,Factual affected-area event compiled from the cited official municipal notice; not a synthetic observation.
108,E004,2023-07-08,2023,7,eThekwini Metropolitan Municipality,KwaZulu-Natal,South Africa,pumpstation_recovery,0,Kwamgaga,Kwamgaga,1,City Working To Restore Water In Areas Supplied By Northdene 3 Water Pumpstation,https://www.durban.gov.za/press-statement/City%2BWorking%2BTo%2BRestore%2BWater%2BIn%2BAreas%2BSupplied%2BBy%2BNorthdene%2B3%2BWater%2BPumpstation,Official eThekwini Municipality public notice / press statement,Factual affected-area event compiled from the cited official municipal notice; not a synthetic observation.
109,E004,2023-07-08,2023,7,eThekwini Metropolitan Municipality,KwaZulu-Natal,South Africa,pumpstation_recovery,0,Montford,Montford,1,City Working To Restore Water In Areas Supplied By Northdene 3 Water Pumpstation,https://www.durban.gov.za/press-statement/City%2BWorking%2BTo%2BRestore%2BWater%2BIn%2BAreas%2BSupplied%2BBy%2BNorthdene%2B3%2BWater%2BPumpstation,Official eThekwini Municipality public notice / press statement,Factual affected-area event compiled from the cited official municipal notice; not a synthetic observation.
110,E004,2023-07-08,2023,7,eThekwini Metropolitan Municipality,KwaZulu-Natal,South Africa,pumpstation_recovery,0,Moorton,Moorton,1,City Working To Restore Water In Areas Supplied By Northdene 3 Water Pumpstation,https://www.durban.gov.za/press-statement/City%2BWorking%2BTo%2BRestore%2BWater%2BIn%2BAreas%2BSupplied%2BBy%2BNorthdene%2B3%2BWater%2BPumpstation,Official eThekwini Municipality public notice / press statement,Factual affected-area event compiled from the cited official municipal notice; not a synthetic observation.
111,E004,2023-07-08,2023,7,eThekwini Metropolitan Municipality,KwaZulu-Natal,South Africa,pumpstation_recovery,0,Risecliff,Risecliff,1,City Working To Restore Water In Areas Supplied By Northdene 3 Water Pumpstation,https://www.durban.gov.za/press-statement/City%2BWorking%2BTo%2BRestore%2BWater%2BIn%2BAreas%2BSupplied%2BBy%2BNorthdene%2B3%2BWater%2BPumpstation,Official eThekwini Municipality public notice / press statement,Factual affected-area event compiled from the cited official municipal notice; not a synthetic observation.
112,E004,2023-07-08,2023,7,eThekwini Metropolitan Municipality,KwaZulu-Natal,South Africa,pumpstation_recovery,0,Welbedacht East,Welbedacht East,1,City Working To Restore Water In Areas Supplied By Northdene 3 Water Pumpstation,https://www.durban.gov.za/press-statement/City%2BWorking%2BTo%2BRestore%2BWater%2BIn%2BAreas%2BSupplied%2BBy%2BNorthdene%2B3%2BWater%2BPumpstation,Official eThekwini Municipality public notice / press statement,Factual affected-area event compiled from the cited official municipal notice; not a synthetic observation.
113,E004,2023-07-08,2023,7,eThekwini Metropolitan Municipality,KwaZulu-Natal,South Africa,pumpstation_recovery,0,Welbedacht West,Welbedacht West,1,City Working To Restore Water In Areas Supplied By Northdene 3 Water Pumpstation,https://www.durban.gov.za/press-statement/City%2BWorking%2BTo%2BRestore%2BWater%2BIn%2BAreas%2BSupplied%2BBy%2BNorthdene%2B3%2BWater%2BPumpstation,Official eThekwini Municipality public notice / press statement,Factual affected-area event compiled from the cited official municipal notice; not a synthetic observation.
114,E004,2023-07-08,2023,7,eThekwini Metropolitan Municipality,KwaZulu-Natal,South Africa,pumpstation_recovery,0,Westcliff,Westcliff,1,City Working To Restore Water In Areas Supplied By Northdene 3 Water Pumpstation,https://www.durban.gov.za/press-statement/City%2BWorking%2BTo%2BRestore%2BWater%2BIn%2BAreas%2BSupplied%2BBy%2BNorthdene%2B3%2BWater%2BPumpstation,Official eThekwini Municipality public notice / press statement,Factual affected-area event compiled from the cited official municipal notice; not a synthetic observation.
115,E004,2023-07-08,2023,7,eThekwini Metropolitan Municipality,KwaZulu-Natal,South Africa,pumpstation_recovery,0,Woodhurst,Woodhurst,1,City Working To Restore Water In Areas Supplied By Northdene 3 Water Pumpstation,https://www.durban.gov.za/press-statement/City%2BWorking%2BTo%2BRestore%2BWater%2BIn%2BAreas%2BSupplied%2BBy%2BNorthdene%2B3%2BWater%2BPumpstation,Official eThekwini Municipality public notice / press statement,Factual affected-area event compiled from the cited official municipal notice; not a synthetic observation.
116,E004,2023-07-08,2023,7,eThekwini Metropolitan Municipality,KwaZulu-Natal,South Africa,pumpstation_recovery,0,Burlington Heights,Burlington Heights,1,City Working To Restore Water In Areas Supplied By Northdene 3 Water Pumpstation,https://www.durban.gov.za/press-statement/City%2BWorking%2BTo%2BRestore%2BWater%2BIn%2BAreas%2BSupplied%2BBy%2BNorthdene%2B3%2BWater%2BPumpstation,Official eThekwini Municipality public notice / press statement,Factual affected-area event compiled from the cited official municipal notice; not a synthetic observation.
117,E004,2023-07-08,2023,7,eThekwini Metropolitan Municipality,KwaZulu-Natal,South Africa,pumpstation_recovery,0,Savannah Park,Savannah Park,1,City Working To Restore Water In Areas Supplied By Northdene 3 Water Pumpstation,https://www.durban.gov.za/press-statement/City%2BWorking%2BTo%2BRestore%2BWater%2BIn%2BAreas%2BSupplied%2BBy%2BNorthdene%2B3%2BWater%2BPumpstation,Official eThekwini Municipality public notice / press statement,Factual affected-area event compiled from the cited official municipal notice; not a synthetic observation.
118,E004,2023-07-08,2023,7,eThekwini Metropolitan Municipality,KwaZulu-Natal,South Africa,pumpstation_recovery,0,Shallcross,Shallcross,1,City Working To Restore Water In Areas Supplied By Northdene 3 Water Pumpstation,https://www.durban.gov.za/press-statement/City%2BWorking%2BTo%2BRestore%2BWater%2BIn%2BAreas%2BSupplied%2BBy%2BNorthdene%2B3%2BWater%2BPumpstation,Official eThekwini Municipality public notice / press statement,Factual affected-area event compiled from the cited official municipal notice; not a synthetic observation.
119,E004,2023-07-08,2023,7,eThekwini Metropolitan Municipality,KwaZulu-Natal,South Africa,pumpstation_recovery,0,St Wendolins Ridge,St Wendolins Ridge,1,City Working To Restore Water In Areas Supplied By Northdene 3 Water Pumpstation,https://www.durban.gov.za/press-statement/City%2BWorking%2BTo%2BRestore%2BWater%2BIn%2BAreas%2BSupplied%2BBy%2BNorthdene%2B3%2BWater%2BPumpstation,Official eThekwini Municipality public notice / press statement,Factual affected-area event compiled from the cited official municipal notice; not a synthetic observation.
120,E004,2023-07-08,2023,7,eThekwini Metropolitan Municipality,KwaZulu-Natal,South Africa,pumpstation_recovery,0,Marianheights,Marianheights,1,City Working To Restore Water In Areas Supplied By Northdene 3 Water Pumpstation,https://www.durban.gov.za/press-statement/City%2BWorking%2BTo%2BRestore%2BWater%2BIn%2BAreas%2BSupplied%2BBy%2BNorthdene%2B3%2BWater%2BPumpstation,Official eThekwini Municipality public notice / press statement,Factual affected-area event compiled from the cited official municipal notice; not a synthetic observation.
121,E004,2023-07-08,2023,7,eThekwini Metropolitan Municipality,KwaZulu-Natal,South Africa,pumpstation_recovery,0,Mariann Industrial Park,Mariann Industrial Park,1,City Working To Restore Water In Areas Supplied By Northdene 3 Water Pumpstation,https://www.durban.gov.za/press-statement/City%2BWorking%2BTo%2BRestore%2BWater%2BIn%2BAreas%2BSupplied%2BBy%2BNorthdene%2B3%2BWater%2BPumpstation,Official eThekwini Municipality public notice / press statement,Factual affected-area event compiled from the cited official municipal notice; not a synthetic observation.
122,E004,2023-07-08,2023,7,eThekwini Metropolitan Municipality,KwaZulu-Natal,South Africa,pumpstation_recovery,0,Nsiswakazi,Nsiswakazi,1,City Working To Restore Water In Areas Supplied By Northdene 3 Water Pumpstation,https://www.durban.gov.za/press-statement/City%2BWorking%2BTo%2BRestore%2BWater%2BIn%2BAreas%2BSupplied%2BBy%2BNorthdene%2B3%2BWater%2BPumpstation,Official eThekwini Municipality public notice / press statement,Factual affected-area event compiled from the cited official municipal notice; not a synthetic observation.
123,E004,2023-07-08,2023,7,eThekwini Metropolitan Municipality,KwaZulu-Natal,South Africa,pumpstation_recovery,0,Phumphele,Phumphele,1,City Working To Restore Water In Areas Supplied By Northdene 3 Water Pumpstation,https://www.durban.gov.za/press-statement/City%2BWorking%2BTo%2BRestore%2BWater%2BIn%2BAreas%2BSupplied%2BBy%2BNorthdene%2B3%2BWater%2BPumpstation,Official eThekwini Municipality public notice / press statement,Factual affected-area event compiled from the cited official municipal notice; not a synthetic observation.
124,E004,2023-07-08,2023,7,eThekwini Metropolitan Municipality,KwaZulu-Natal,South Africa,pumpstation_recovery,0,Umshinini,Umshinini,1,City Working To Restore Water In Areas Supplied By Northdene 3 Water Pumpstation,https://www.durban.gov.za/press-statement/City%2BWorking%2BTo%2BRestore%2BWater%2BIn%2BAreas%2BSupplied%2BBy%2BNorthdene%2B3%2BWater%2BPumpstation,Official eThekwini Municipality public notice / press statement,Factual affected-area event compiled from the cited official municipal notice; not a synthetic observation.
125,E004,2023-07-08,2023,7,eThekwini Metropolitan Municipality,KwaZulu-Natal,South Africa,pumpstation_recovery,0,Ezihyathini,Ezihyathini,1,City Working To Restore Water In Areas Supplied By Northdene 3 Water Pumpstation,https://www.durban.gov.za/press-statement/City%2BWorking%2BTo%2BRestore%2BWater%2BIn%2BAreas%2BSupplied%2BBy%2BNorthdene%2B3%2BWater%2BPumpstation,Official eThekwini Municipality public notice / press statement,Factual affected-area event compiled from the cited official municipal notice; not a synthetic observation.
126,E004,2023-07-08,2023,7,eThekwini Metropolitan Municipality,KwaZulu-Natal,South Africa,pumpstation_recovery,0,Luganda,Luganda,1,City Working To Restore Water In Areas Supplied By Northdene 3 Water Pumpstation,https://www.durban.gov.za/press-statement/City%2BWorking%2BTo%2BRestore%2BWater%2BIn%2BAreas%2BSupplied%2BBy%2BNorthdene%2B3%2BWater%2BPumpstation,Official eThekwini Municipality public notice / press statement,Factual affected-area event compiled from the cited official municipal notice; not a synthetic observation.
127,E004,2023-07-08,2023,7,eThekwini Metropolitan Municipality,KwaZulu-Natal,South Africa,pumpstation_recovery,0,Nagina,Nagina,1,City Working To Restore Water In Areas Supplied By Northdene 3 Water Pumpstation,https://www.durban.gov.za/press-statement/City%2BWorking%2BTo%2BRestore%2BWater%2BIn%2BAreas%2BSupplied%2BBy%2BNorthdene%2B3%2BWater%2BPumpstation,Official eThekwini Municipality public notice / press statement,Factual affected-area event compiled from the cited official municipal notice; not a synthetic observation.
128,E004,2023-07-08,2023,7,eThekwini Metropolitan Municipality,KwaZulu-Natal,South Africa,pumpstation_recovery,0,Pineview,Pineview,1,City Working To Restore Water In Areas Supplied By Northdene 3 Water Pumpstation,https://www.durban.gov.za/press-statement/City%2BWorking%2BTo%2BRestore%2BWater%2BIn%2BAreas%2BSupplied%2BBy%2BNorthdene%2B3%2BWater%2BPumpstation,Official eThekwini Municipality public notice / press statement,Factual affected-area event compiled from the cited official municipal notice; not a synthetic observation.
129,E004,2023-07-08,2023,7,eThekwini Metropolitan Municipality,KwaZulu-Natal,South Africa,pumpstation_recovery,0,Regency Park,Regency Park,1,City Working To Restore Water In Areas Supplied By Northdene 3 Water Pumpstation,https://www.durban.gov.za/press-statement/City%2BWorking%2BTo%2BRestore%2BWater%2BIn%2BAreas%2BSupplied%2BBy%2BNorthdene%2B3%2BWater%2BPumpstation,Official eThekwini Municipality public notice / press statement,Factual affected-area event compiled from the cited official municipal notice; not a synthetic observation.
130,E004,2023-07-08,2023,7,eThekwini Metropolitan Municipality,KwaZulu-Natal,South Africa,pumpstation_recovery,0,Sithundu Hills,Sithundu Hills,1,City Working To Restore Water In Areas Supplied By Northdene 3 Water Pumpstation,https://www.durban.gov.za/press-statement/City%2BWorking%2BTo%2BRestore%2BWater%2BIn%2BAreas%2BSupplied%2BBy%2BNorthdene%2B3%2BWater%2BPumpstation,Official eThekwini Municipality public notice / press statement,Factual affected-area event compiled from the cited official municipal notice; not a synthetic observation.
131,E005,2023-07-26,2023,7,eThekwini Metropolitan Municipality,KwaZulu-Natal,South Africa,pipeline_burst,0,Parts of Shongweni,Shongweni,1,Interruption Of Water Supply In Some Parts Of Outer West Region,https://www.durban.gov.za/press-statement/Interruption%2BOf%2BWater%2BSupply%2BIn%2BSome%2BParts%2BOf%2BOuter%2BWest%2BRegion,Official eThekwini Municipality public notice / press statement,Factual affected-area event compiled from the cited official municipal notice; not a synthetic observation.
132,E005,2023-07-26,2023,7,eThekwini Metropolitan Municipality,KwaZulu-Natal,South Africa,pipeline_burst,0,Summerveld,Summerveld,1,Interruption Of Water Supply In Some Parts Of Outer West Region,https://www.durban.gov.za/press-statement/Interruption%2BOf%2BWater%2BSupply%2BIn%2BSome%2BParts%2BOf%2BOuter%2BWest%2BRegion,Official eThekwini Municipality public notice / press statement,Factual affected-area event compiled from the cited official municipal notice; not a synthetic observation.
133,E005,2023-07-26,2023,7,eThekwini Metropolitan Municipality,KwaZulu-Natal,South Africa,pipeline_burst,0,Cliffdale,Cliffdale,1,Interruption Of Water Supply In Some Parts Of Outer West Region,https://www.durban.gov.za/press-statement/Interruption%2BOf%2BWater%2BSupply%2BIn%2BSome%2BParts%2BOf%2BOuter%2BWest%2BRegion,Official eThekwini Municipality public notice / press statement,Factual affected-area event compiled from the cited official municipal notice; not a synthetic observation.
134,E005,2023-07-26,2023,7,eThekwini Metropolitan Municipality,KwaZulu-Natal,South Africa,pipeline_burst,0,Alverstone,Alverstone,1,Interruption Of Water Supply In Some Parts Of Outer West Region,https://www.durban.gov.za/press-statement/Interruption%2BOf%2BWater%2BSupply%2BIn%2BSome%2BParts%2BOf%2BOuter%2BWest%2BRegion,Official eThekwini Municipality public notice / press statement,Factual affected-area event compiled from the cited official municipal notice; not a synthetic observation.
135,E006,2023-07-31,2023,7,eThekwini Metropolitan Municipality,KwaZulu-Natal,South Africa,pipeline_bursts,0,Verulam CBD,Verulam CBD,1,Water Supply Restrictions On Grange System Due To Several Bursts,https://www.durban.gov.za/press-statement/Water%2BSupply%2BRestrictions%2BOn%2BGrange%2BSystem%2BDue%2BTo%2BSeveral%2BBursts,Official eThekwini Municipality public notice / press statement,Factual affected-area event compiled from the cited official municipal notice; not a synthetic observation.
136,E006,2023-07-31,2023,7,eThekwini Metropolitan Municipality,KwaZulu-Natal,South Africa,pipeline_bursts,0,Grange Area,Grange Area,1,Water Supply Restrictions On Grange System Due To Several Bursts,https://www.durban.gov.za/press-statement/Water%2BSupply%2BRestrictions%2BOn%2BGrange%2BSystem%2BDue%2BTo%2BSeveral%2BBursts,Official eThekwini Municipality public notice / press statement,Factual affected-area event compiled from the cited official municipal notice; not a synthetic observation.
137,E006,2023-07-31,2023,7,eThekwini Metropolitan Municipality,KwaZulu-Natal,South Africa,pipeline_bursts,0,Everest Heights,Everest Heights,1,Water Supply Restrictions On Grange System Due To Several Bursts,https://www.durban.gov.za/press-statement/Water%2BSupply%2BRestrictions%2BOn%2BGrange%2BSystem%2BDue%2BTo%2BSeveral%2BBursts,Official eThekwini Municipality public notice / press statement,Factual affected-area event compiled from the cited official municipal notice; not a synthetic observation.
138,E006,2023-07-31,2023,7,eThekwini Metropolitan Municipality,KwaZulu-Natal,South Africa,pipeline_bursts,0,Riyadh,Riyadh,1,Water Supply Restrictions On Grange System Due To Several Bursts,https://www.durban.gov.za/press-statement/Water%2BSupply%2BRestrictions%2BOn%2BGrange%2BSystem%2BDue%2BTo%2BSeveral%2BBursts,Official eThekwini Municipality public notice / press statement,Factual affected-area event compiled from the cited official municipal notice; not a synthetic observation.
139,E006,2023-07-31,2023,7,eThekwini Metropolitan Municipality,KwaZulu-Natal,South Africa,pipeline_bursts,0,Temple Valley,Temple Valley,1,Water Supply Restrictions On Grange System Due To Several Bursts,https://www.durban.gov.za/press-statement/Water%2BSupply%2BRestrictions%2BOn%2BGrange%2BSystem%2BDue%2BTo%2BSeveral%2BBursts,Official eThekwini Municipality public notice / press statement,Factual affected-area event compiled from the cited official municipal notice; not a synthetic observation.
140,E006,2023-07-31,2023,7,eThekwini Metropolitan Municipality,KwaZulu-Natal,South Africa,pipeline_bursts,0,Lotusville,Lotusville,1,Water Supply Restrictions On Grange System Due To Several Bursts,https://www.durban.gov.za/press-statement/Water%2BSupply%2BRestrictions%2BOn%2BGrange%2BSystem%2BDue%2BTo%2BSeveral%2BBursts,Official eThekwini Municipality public notice / press statement,Factual affected-area event compiled from the cited official municipal notice; not a synthetic observation.
141,E006,2023-07-31,2023,7,eThekwini Metropolitan Municipality,KwaZulu-Natal,South Africa,pipeline_bursts,0,Umdloti Heights,Umdloti Heights,1,Water Supply Restrictions On Grange System Due To Several Bursts,https://www.durban.gov.za/press-statement/Water%2BSupply%2BRestrictions%2BOn%2BGrange%2BSystem%2BDue%2BTo%2BSeveral%2BBursts,Official eThekwini Municipality public notice / press statement,Factual affected-area event compiled from the cited official municipal notice; not a synthetic observation.
142,E006,2023-07-31,2023,7,eThekwini Metropolitan Municipality,KwaZulu-Natal,South Africa,pipeline_bursts,0,Canelands,Canelands,1,Water Supply Restrictions On Grange System Due To Several Bursts,https://www.durban.gov.za/press-statement/Water%2BSupply%2BRestrictions%2BOn%2BGrange%2BSystem%2BDue%2BTo%2BSeveral%2BBursts,Official eThekwini Municipality public notice / press statement,Factual affected-area event compiled from the cited official municipal notice; not a synthetic observation.
143,E006,2023-07-31,2023,7,eThekwini Metropolitan Municipality,KwaZulu-Natal,South Africa,pipeline_bursts,0,Redcliffe Township,Redcliffe Township,1,Water Supply Restrictions On Grange System Due To Several Bursts,https://www.durban.gov.za/press-statement/Water%2BSupply%2BRestrictions%2BOn%2BGrange%2BSystem%2BDue%2BTo%2BSeveral%2BBursts,Official eThekwini Municipality public notice / press statement,Factual affected-area event compiled from the cited official municipal notice; not a synthetic observation.
144,E006,2023-07-31,2023,7,eThekwini Metropolitan Municipality,KwaZulu-Natal,South Africa,pipeline_bursts,0,Oaklands,Oaklands,1,Water Supply Restrictions On Grange System Due To Several Bursts,https://www.durban.gov.za/press-statement/Water%2BSupply%2BRestrictions%2BOn%2BGrange%2BSystem%2BDue%2BTo%2BSeveral%2BBursts,Official eThekwini Municipality public notice / press statement,Factual affected-area event compiled from the cited official municipal notice; not a synthetic observation.
145,E006,2023-07-31,2023,7,eThekwini Metropolitan Municipality,KwaZulu-Natal,South Africa,pipeline_bursts,0,Redcliffe Rural and Informal Housing Development,Redcliffe Rural and Informal Housing Development,1,Water Supply Restrictions On Grange System Due To Several Bursts,https://www.durban.gov.za/press-statement/Water%2BSupply%2BRestrictions%2BOn%2BGrange%2BSystem%2BDue%2BTo%2BSeveral%2BBursts,Official eThekwini Municipality public notice / press statement,Factual affected-area event compiled from the cited official municipal notice; not a synthetic observation.
146,E006,2023-07-31,2023,7,eThekwini Metropolitan Municipality,KwaZulu-Natal,South Africa,pipeline_bursts,0,Sunkist Drive,Sunkist Drive,1,Water Supply Restrictions On Grange System Due To Several Bursts,https://www.durban.gov.za/press-statement/Water%2BSupply%2BRestrictions%2BOn%2BGrange%2BSystem%2BDue%2BTo%2BSeveral%2BBursts,Official eThekwini Municipality public notice / press statement,Factual affected-area event compiled from the cited official municipal notice; not a synthetic observation.
147,E006,2023-07-31,2023,7,eThekwini Metropolitan Municipality,KwaZulu-Natal,South Africa,pipeline_bursts,0,Part of Buffelsdraai,Buffelsdraai,1,Water Supply Restrictions On Grange System Due To Several Bursts,https://www.durban.gov.za/press-statement/Water%2BSupply%2BRestrictions%2BOn%2BGrange%2BSystem%2BDue%2BTo%2BSeveral%2BBursts,Official eThekwini Municipality public notice / press statement,Factual affected-area event compiled from the cited official municipal notice; not a synthetic observation.
148,E006,2023-07-31,2023,7,eThekwini Metropolitan Municipality,KwaZulu-Natal,South Africa,pipeline_bursts,0,Buffelsdraai Road,Buffelsdraai Road,1,Water Supply Restrictions On Grange System Due To Several Bursts,https://www.durban.gov.za/press-statement/Water%2BSupply%2BRestrictions%2BOn%2BGrange%2BSystem%2BDue%2BTo%2BSeveral%2BBursts,Official eThekwini Municipality public notice / press statement,Factual affected-area event compiled from the cited official municipal notice; not a synthetic observation.
149,E006,2023-07-31,2023,7,eThekwini Metropolitan Municipality,KwaZulu-Natal,South Africa,pipeline_bursts,0,Oakford Holding Tank,Oakford Holding Tank,1,Water Supply Restrictions On Grange System Due To Several Bursts,https://www.durban.gov.za/press-statement/Water%2BSupply%2BRestrictions%2BOn%2BGrange%2BSystem%2BDue%2BTo%2BSeveral%2BBursts,Official eThekwini Municipality public notice / press statement,Factual affected-area event compiled from the cited official municipal notice; not a synthetic observation.
150,E006,2023-07-31,2023,7,eThekwini Metropolitan Municipality,KwaZulu-Natal,South Africa,pipeline_bursts,0,Everest Heights Informal Housing,Everest Heights Informal Housing,1,Water Supply Restrictions On Grange System Due To Several Bursts,https://www.durban.gov.za/press-statement/Water%2BSupply%2BRestrictions%2BOn%2BGrange%2BSystem%2BDue%2BTo%2BSeveral%2BBursts,Official eThekwini Municipality public notice / press statement,Factual affected-area event compiled from the cited official municipal notice; not a synthetic observation.
151,E006,2023-07-31,2023,7,eThekwini Metropolitan Municipality,KwaZulu-Natal,South Africa,pipeline_bursts,0,Inca Drive,Inca Drive,1,Water Supply Restrictions On Grange System Due To Several Bursts,https://www.durban.gov.za/press-statement/Water%2BSupply%2BRestrictions%2BOn%2BGrange%2BSystem%2BDue%2BTo%2BSeveral%2BBursts,Official eThekwini Municipality public notice / press statement,Factual affected-area event compiled from the cited official municipal notice; not a synthetic observation.
152,E007,2023-09-19,2023,9,eThekwini Metropolitan Municipality,KwaZulu-Natal,South Africa,low_pressure,0,Redhill,Redhill,1,Interruption Of Water Supply Affecting Durban North And Surrounding Areas,https://www.durban.gov.za/press-statement/Interruption%2BOf%2BWater%2BSupply%2BAffecting%2BDurban%2BNorth%2BAnd%2BSurrounding%2BAreas,Official eThekwini Municipality public notice / press statement,Factual affected-area event compiled from the cited official municipal notice; not a synthetic observation.
153,E007,2023-09-19,2023,9,eThekwini Metropolitan Municipality,KwaZulu-Natal,South Africa,low_pressure,0,Durban North,Durban North,1,Interruption Of Water Supply Affecting Durban North And Surrounding Areas,https://www.durban.gov.za/press-statement/Interruption%2BOf%2BWater%2BSupply%2BAffecting%2BDurban%2BNorth%2BAnd%2BSurrounding%2BAreas,Official eThekwini Municipality public notice / press statement,Factual affected-area event compiled from the cited official municipal notice; not a synthetic observation.
154,E007,2023-09-19,2023,9,eThekwini Metropolitan Municipality,KwaZulu-Natal,South Africa,low_pressure,0,Beachway,Beachway,1,Interruption Of Water Supply Affecting Durban North And Surrounding Areas,https://www.durban.gov.za/press-statement/Interruption%2BOf%2BWater%2BSupply%2BAffecting%2BDurban%2BNorth%2BAnd%2BSurrounding%2BAreas,Official eThekwini Municipality public notice / press statement,Factual affected-area event compiled from the cited official municipal notice; not a synthetic observation.
155,E007,2023-09-19,2023,9,eThekwini Metropolitan Municipality,KwaZulu-Natal,South Africa,low_pressure,0,Umgeni Park,Umgeni Park,1,Interruption Of Water Supply Affecting Durban North And Surrounding Areas,https://www.durban.gov.za/press-statement/Interruption%2BOf%2BWater%2BSupply%2BAffecting%2BDurban%2BNorth%2BAnd%2BSurrounding%2BAreas,Official eThekwini Municipality public notice / press statement,Factual affected-area event compiled from the cited official municipal notice; not a synthetic observation.
156,E007,2023-09-19,2023,9,eThekwini Metropolitan Municipality,KwaZulu-Natal,South Africa,low_pressure,0,Athlone,Athlone,1,Interruption Of Water Supply Affecting Durban North And Surrounding Areas,https://www.durban.gov.za/press-statement/Interruption%2BOf%2BWater%2BSupply%2BAffecting%2BDurban%2BNorth%2BAnd%2BSurrounding%2BAreas,Official eThekwini Municipality public notice / press statement,Factual affected-area event compiled from the cited official municipal notice; not a synthetic observation.
157,E007,2023-09-19,2023,9,eThekwini Metropolitan Municipality,KwaZulu-Natal,South Africa,low_pressure,0,Japanese Gardens,Japanese Gardens,1,Interruption Of Water Supply Affecting Durban North And Surrounding Areas,https://www.durban.gov.za/press-statement/Interruption%2BOf%2BWater%2BSupply%2BAffecting%2BDurban%2BNorth%2BAnd%2BSurrounding%2BAreas,Official eThekwini Municipality public notice / press statement,Factual affected-area event compiled from the cited official municipal notice; not a synthetic observation.
158,E007,2023-09-19,2023,9,eThekwini Metropolitan Municipality,KwaZulu-Natal,South Africa,low_pressure,0,Riverside,Riverside,1,Interruption Of Water Supply Affecting Durban North And Surrounding Areas,https://www.durban.gov.za/press-statement/Interruption%2BOf%2BWater%2BSupply%2BAffecting%2BDurban%2BNorth%2BAnd%2BSurrounding%2BAreas,Official eThekwini Municipality public notice / press statement,Factual affected-area event compiled from the cited official municipal notice; not a synthetic observation.
159,E007,2023-09-19,2023,9,eThekwini Metropolitan Municipality,KwaZulu-Natal,South Africa,low_pressure,0,Glen Anil,Glen Anil,1,Interruption Of Water Supply Affecting Durban North And Surrounding Areas,https://www.durban.gov.za/press-statement/Interruption%2BOf%2BWater%2BSupply%2BAffecting%2BDurban%2BNorth%2BAnd%2BSurrounding%2BAreas,Official eThekwini Municipality public notice / press statement,Factual affected-area event compiled from the cited official municipal notice; not a synthetic observation.
160,E007,2023-09-19,2023,9,eThekwini Metropolitan Municipality,KwaZulu-Natal,South Africa,low_pressure,0,Glen Hill,Glen Hill,1,Interruption Of Water Supply Affecting Durban North And Surrounding Areas,https://www.durban.gov.za/press-statement/Interruption%2BOf%2BWater%2BSupply%2BAffecting%2BDurban%2BNorth%2BAnd%2BSurrounding%2BAreas,Official eThekwini Municipality public notice / press statement,Factual affected-area event compiled from the cited official municipal notice; not a synthetic observation.
161,E007,2023-09-19,2023,9,eThekwini Metropolitan Municipality,KwaZulu-Natal,South Africa,low_pressure,0,Umhlanga Rocks Drive,Umhlanga Rocks Drive,1,Interruption Of Water Supply Affecting Durban North And Surrounding Areas,https://www.durban.gov.za/press-statement/Interruption%2BOf%2BWater%2BSupply%2BAffecting%2BDurban%2BNorth%2BAnd%2BSurrounding%2BAreas,Official eThekwini Municipality public notice / press statement,Factual affected-area event compiled from the cited official municipal notice; not a synthetic observation.
162,E007,2023-09-19,2023,9,eThekwini Metropolitan Municipality,KwaZulu-Natal,South Africa,low_pressure,0,Blackburn Road,Blackburn Road,1,Interruption Of Water Supply Affecting Durban North And Surrounding Areas,https://www.durban.gov.za/press-statement/Interruption%2BOf%2BWater%2BSupply%2BAffecting%2BDurban%2BNorth%2BAnd%2BSurrounding%2BAreas,Official eThekwini Municipality public notice / press statement,Factual affected-area event compiled from the cited official municipal notice; not a synthetic observation.
163,E007,2023-09-19,2023,9,eThekwini Metropolitan Municipality,KwaZulu-Natal,South Africa,low_pressure,0,Parkhill,Parkhill,1,Interruption Of Water Supply Affecting Durban North And Surrounding Areas,https://www.durban.gov.za/press-statement/Interruption%2BOf%2BWater%2BSupply%2BAffecting%2BDurban%2BNorth%2BAnd%2BSurrounding%2BAreas,Official eThekwini Municipality public notice / press statement,Factual affected-area event compiled from the cited official municipal notice; not a synthetic observation.
164,E007,2023-09-19,2023,9,eThekwini Metropolitan Municipality,KwaZulu-Natal,South Africa,low_pressure,0,Effingham,Effingham,1,Interruption Of Water Supply Affecting Durban North And Surrounding Areas,https://www.durban.gov.za/press-statement/Interruption%2BOf%2BWater%2BSupply%2BAffecting%2BDurban%2BNorth%2BAnd%2BSurrounding%2BAreas,Official eThekwini Municipality public notice / press statement,Factual affected-area event compiled from the cited official municipal notice; not a synthetic observation.
165,E007,2023-09-19,2023,9,eThekwini Metropolitan Municipality,KwaZulu-Natal,South Africa,low_pressure,0,Umhlanga CBD,Umhlanga CBD,1,Interruption Of Water Supply Affecting Durban North And Surrounding Areas,https://www.durban.gov.za/press-statement/Interruption%2BOf%2BWater%2BSupply%2BAffecting%2BDurban%2BNorth%2BAnd%2BSurrounding%2BAreas,Official eThekwini Municipality public notice / press statement,Factual affected-area event compiled from the cited official municipal notice; not a synthetic observation.
166,E007,2023-09-19,2023,9,eThekwini Metropolitan Municipality,KwaZulu-Natal,South Africa,low_pressure,0,La Lucia,La Lucia,1,Interruption Of Water Supply Affecting Durban North And Surrounding Areas,https://www.durban.gov.za/press-statement/Interruption%2BOf%2BWater%2BSupply%2BAffecting%2BDurban%2BNorth%2BAnd%2BSurrounding%2BAreas,Official eThekwini Municipality public notice / press statement,Factual affected-area event compiled from the cited official municipal notice; not a synthetic observation.
167,E007,2023-09-19,2023,9,eThekwini Metropolitan Municipality,KwaZulu-Natal,South Africa,low_pressure,0,Sunningdale,Sunningdale,1,Interruption Of Water Supply Affecting Durban North And Surrounding Areas,https://www.durban.gov.za/press-statement/Interruption%2BOf%2BWater%2BSupply%2BAffecting%2BDurban%2BNorth%2BAnd%2BSurrounding%2BAreas,Official eThekwini Municipality public notice / press statement,Factual affected-area event compiled from the cited official municipal notice; not a synthetic observation.
168,E007,2023-09-19,2023,9,eThekwini Metropolitan Municipality,KwaZulu-Natal,South Africa,low_pressure,0,La Lucia Mall,La Lucia Mall,1,Interruption Of Water Supply Affecting Durban North And Surrounding Areas,https://www.durban.gov.za/press-statement/Interruption%2BOf%2BWater%2BSupply%2BAffecting%2BDurban%2BNorth%2BAnd%2BSurrounding%2BAreas,Official eThekwini Municipality public notice / press statement,Factual affected-area event compiled from the cited official municipal notice; not a synthetic observation.
169,E007,2023-09-19,2023,9,eThekwini Metropolitan Municipality,KwaZulu-Natal,South Africa,low_pressure,0,Glenashley,Glenashley,1,Interruption Of Water Supply Affecting Durban North And Surrounding Areas,https://www.durban.gov.za/press-statement/Interruption%2BOf%2BWater%2BSupply%2BAffecting%2BDurban%2BNorth%2BAnd%2BSurrounding%2BAreas,Official eThekwini Municipality public notice / press statement,Factual affected-area event compiled from the cited official municipal notice; not a synthetic observation.
170,E007,2023-09-19,2023,9,eThekwini Metropolitan Municipality,KwaZulu-Natal,South Africa,low_pressure,0,Somerset Park,Somerset Park,1,Interruption Of Water Supply Affecting Durban North And Surrounding Areas,https://www.durban.gov.za/press-statement/Interruption%2BOf%2BWater%2BSupply%2BAffecting%2BDurban%2BNorth%2BAnd%2BSurrounding%2BAreas,Official eThekwini Municipality public notice / press statement,Factual affected-area event compiled from the cited official municipal notice; not a synthetic observation.
171,E007,2023-09-19,2023,9,eThekwini Metropolitan Municipality,KwaZulu-Natal,South Africa,low_pressure,0,Umhlanga,Umhlanga,1,Interruption Of Water Supply Affecting Durban North And Surrounding Areas,https://www.durban.gov.za/press-statement/Interruption%2BOf%2BWater%2BSupply%2BAffecting%2BDurban%2BNorth%2BAnd%2BSurrounding%2BAreas,Official eThekwini Municipality public notice / press statement,Factual affected-area event compiled from the cited official municipal notice; not a synthetic observation.
172,E007,2023-09-19,2023,9,eThekwini Metropolitan Municipality,KwaZulu-Natal,South Africa,low_pressure,0,La Lucia Ridge,La Lucia Ridge,1,Interruption Of Water Supply Affecting Durban North And Surrounding Areas,https://www.durban.gov.za/press-statement/Interruption%2BOf%2BWater%2BSupply%2BAffecting%2BDurban%2BNorth%2BAnd%2BSurrounding%2BAreas,Official eThekwini Municipality public notice / press statement,Factual affected-area event compiled from the cited official municipal notice; not a synthetic observation.
173,E008,2023-09-22,2023,9,eThekwini Metropolitan Municipality,KwaZulu-Natal,South Africa,aqueduct_recovery,0,Broadway,Broadway,1,Update: Interruption Of Water Supply Affecting Umhlanga And Durban North Areas,https://www.durban.gov.za/press-statement/Update%3A%2BInterruption%2BOf%2BWater%2BSupply%2BAffecting%2BUmhlanga%2BAnd%2BDurban%2BNorth%2BAreas,Official eThekwini Municipality public notice / press statement,Factual affected-area event compiled from the cited official municipal notice; not a synthetic observation.
174,E008,2023-09-22,2023,9,eThekwini Metropolitan Municipality,KwaZulu-Natal,South Africa,aqueduct_recovery,0,Umgeni Park,Umgeni Park,1,Update: Interruption Of Water Supply Affecting Umhlanga And Durban North Areas,https://www.durban.gov.za/press-statement/Update%3A%2BInterruption%2BOf%2BWater%2BSupply%2BAffecting%2BUmhlanga%2BAnd%2BDurban%2BNorth%2BAreas,Official eThekwini Municipality public notice / press statement,Factual affected-area event compiled from the cited official municipal notice; not a synthetic observation.
175,E008,2023-09-22,2023,9,eThekwini Metropolitan Municipality,KwaZulu-Natal,South Africa,aqueduct_recovery,0,Parkhill,Parkhill,1,Update: Interruption Of Water Supply Affecting Umhlanga And Durban North Areas,https://www.durban.gov.za/press-statement/Update%3A%2BInterruption%2BOf%2BWater%2BSupply%2BAffecting%2BUmhlanga%2BAnd%2BDurban%2BNorth%2BAreas,Official eThekwini Municipality public notice / press statement,Factual affected-area event compiled from the cited official municipal notice; not a synthetic observation.
176,E008,2023-09-22,2023,9,eThekwini Metropolitan Municipality,KwaZulu-Natal,South Africa,aqueduct_recovery,0,Umhlanga Rocks,Umhlanga Rocks,1,Update: Interruption Of Water Supply Affecting Umhlanga And Durban North Areas,https://www.durban.gov.za/press-statement/Update%3A%2BInterruption%2BOf%2BWater%2BSupply%2BAffecting%2BUmhlanga%2BAnd%2BDurban%2BNorth%2BAreas,Official eThekwini Municipality public notice / press statement,Factual affected-area event compiled from the cited official municipal notice; not a synthetic observation.
177,E008,2023-09-22,2023,9,eThekwini Metropolitan Municipality,KwaZulu-Natal,South Africa,aqueduct_recovery,0,Umhlanga,Umhlanga,1,Update: Interruption Of Water Supply Affecting Umhlanga And Durban North Areas,https://www.durban.gov.za/press-statement/Update%3A%2BInterruption%2BOf%2BWater%2BSupply%2BAffecting%2BUmhlanga%2BAnd%2BDurban%2BNorth%2BAreas,Official eThekwini Municipality public notice / press statement,Factual affected-area event compiled from the cited official municipal notice; not a synthetic observation.
178,E008,2023-09-22,2023,9,eThekwini Metropolitan Municipality,KwaZulu-Natal,South Africa,aqueduct_recovery,0,Glen Anil,Glen Anil,1,Update: Interruption Of Water Supply Affecting Umhlanga And Durban North Areas,https://www.durban.gov.za/press-statement/Update%3A%2BInterruption%2BOf%2BWater%2BSupply%2BAffecting%2BUmhlanga%2BAnd%2BDurban%2BNorth%2BAreas,Official eThekwini Municipality public notice / press statement,Factual affected-area event compiled from the cited official municipal notice; not a synthetic observation.
179,E008,2023-09-22,2023,9,eThekwini Metropolitan Municipality,KwaZulu-Natal,South Africa,aqueduct_recovery,0,La Lucia,La Lucia,1,Update: Interruption Of Water Supply Affecting Umhlanga And Durban North Areas,https://www.durban.gov.za/press-statement/Update%3A%2BInterruption%2BOf%2BWater%2BSupply%2BAffecting%2BUmhlanga%2BAnd%2BDurban%2BNorth%2BAreas,Official eThekwini Municipality public notice / press statement,Factual affected-area event compiled from the cited official municipal notice; not a synthetic observation.
180,E008,2023-09-22,2023,9,eThekwini Metropolitan Municipality,KwaZulu-Natal,South Africa,aqueduct_recovery,0,Virginia,Virginia,1,Update: Interruption Of Water Supply Affecting Umhlanga And Durban North Areas,https://www.durban.gov.za/press-statement/Update%3A%2BInterruption%2BOf%2BWater%2BSupply%2BAffecting%2BUmhlanga%2BAnd%2BDurban%2BNorth%2BAreas,Official eThekwini Municipality public notice / press statement,Factual affected-area event compiled from the cited official municipal notice; not a synthetic observation.
181,E008,2023-09-22,2023,9,eThekwini Metropolitan Municipality,KwaZulu-Natal,South Africa,aqueduct_recovery,0,Prestondale,Prestondale,1,Update: Interruption Of Water Supply Affecting Umhlanga And Durban North Areas,https://www.durban.gov.za/press-statement/Update%3A%2BInterruption%2BOf%2BWater%2BSupply%2BAffecting%2BUmhlanga%2BAnd%2BDurban%2BNorth%2BAreas,Official eThekwini Municipality public notice / press statement,Factual affected-area event compiled from the cited official municipal notice; not a synthetic observation.
182,E009,2023-10-12,2023,10,eThekwini Metropolitan Municipality,KwaZulu-Natal,South Africa,reservoir_recovery,0,Durban North,Durban North,1,Update: Interruption Of Water Supply In Northern And Southern Areas,https://roads.durban.gov.za/press-statement/Update%3A%2BInterruption%2BOf%2BWater%2BSupply%2BIn%2BNorthern%2BAnd%2BSouthern%2BAreas,Official eThekwini Municipality public notice / press statement,Factual affected-area event compiled from the cited official municipal notice; not a synthetic observation.
183,E009,2023-10-12,2023,10,eThekwini Metropolitan Municipality,KwaZulu-Natal,South Africa,reservoir_recovery,0,Umhlanga,Umhlanga,1,Update: Interruption Of Water Supply In Northern And Southern Areas,https://roads.durban.gov.za/press-statement/Update%3A%2BInterruption%2BOf%2BWater%2BSupply%2BIn%2BNorthern%2BAnd%2BSouthern%2BAreas,Official eThekwini Municipality public notice / press statement,Factual affected-area event compiled from the cited official municipal notice; not a synthetic observation.
184,E009,2023-10-12,2023,10,eThekwini Metropolitan Municipality,KwaZulu-Natal,South Africa,reservoir_recovery,0,Phoenix,Phoenix,1,Update: Interruption Of Water Supply In Northern And Southern Areas,https://roads.durban.gov.za/press-statement/Update%3A%2BInterruption%2BOf%2BWater%2BSupply%2BIn%2BNorthern%2BAnd%2BSouthern%2BAreas,Official eThekwini Municipality public notice / press statement,Factual affected-area event compiled from the cited official municipal notice; not a synthetic observation.
185,E009,2023-10-12,2023,10,eThekwini Metropolitan Municipality,KwaZulu-Natal,South Africa,reservoir_recovery,0,Inanda,Inanda,1,Update: Interruption Of Water Supply In Northern And Southern Areas,https://roads.durban.gov.za/press-statement/Update%3A%2BInterruption%2BOf%2BWater%2BSupply%2BIn%2BNorthern%2BAnd%2BSouthern%2BAreas,Official eThekwini Municipality public notice / press statement,Factual affected-area event compiled from the cited official municipal notice; not a synthetic observation.
186,E009,2023-10-12,2023,10,eThekwini Metropolitan Municipality,KwaZulu-Natal,South Africa,reservoir_recovery,0,Ntuzuma,Ntuzuma,1,Update: Interruption Of Water Supply In Northern And Southern Areas,https://roads.durban.gov.za/press-statement/Update%3A%2BInterruption%2BOf%2BWater%2BSupply%2BIn%2BNorthern%2BAnd%2BSouthern%2BAreas,Official eThekwini Municipality public notice / press statement,Factual affected-area event compiled from the cited official municipal notice; not a synthetic observation.
187,E009,2023-10-12,2023,10,eThekwini Metropolitan Municipality,KwaZulu-Natal,South Africa,reservoir_recovery,0,KwaMashu,KwaMashu,1,Update: Interruption Of Water Supply In Northern And Southern Areas,https://roads.durban.gov.za/press-statement/Update%3A%2BInterruption%2BOf%2BWater%2BSupply%2BIn%2BNorthern%2BAnd%2BSouthern%2BAreas,Official eThekwini Municipality public notice / press statement,Factual affected-area event compiled from the cited official municipal notice; not a synthetic observation.
188,E009,2023-10-12,2023,10,eThekwini Metropolitan Municipality,KwaZulu-Natal,South Africa,reservoir_recovery,0,Umlazi,Umlazi,1,Update: Interruption Of Water Supply In Northern And Southern Areas,https://roads.durban.gov.za/press-statement/Update%3A%2BInterruption%2BOf%2BWater%2BSupply%2BIn%2BNorthern%2BAnd%2BSouthern%2BAreas,Official eThekwini Municipality public notice / press statement,Factual affected-area event compiled from the cited official municipal notice; not a synthetic observation.
189,E009,2023-10-12,2023,10,eThekwini Metropolitan Municipality,KwaZulu-Natal,South Africa,reservoir_recovery,0,Chatsworth,Chatsworth,1,Update: Interruption Of Water Supply In Northern And Southern Areas,https://roads.durban.gov.za/press-statement/Update%3A%2BInterruption%2BOf%2BWater%2BSupply%2BIn%2BNorthern%2BAnd%2BSouthern%2BAreas,Official eThekwini Municipality public notice / press statement,Factual affected-area event compiled from the cited official municipal notice; not a synthetic observation.
190,E009,2023-10-12,2023,10,eThekwini Metropolitan Municipality,KwaZulu-Natal,South Africa,reservoir_recovery,0,Folweni,Folweni,1,Update: Interruption Of Water Supply In Northern And Southern Areas,https://roads.durban.gov.za/press-statement/Update%3A%2BInterruption%2BOf%2BWater%2BSupply%2BIn%2BNorthern%2BAnd%2BSouthern%2BAreas,Official eThekwini Municipality public notice / press statement,Factual affected-area event compiled from the cited official municipal notice; not a synthetic observation.
191,E009,2023-10-12,2023,10,eThekwini Metropolitan Municipality,KwaZulu-Natal,South Africa,reservoir_recovery,0,Chesterville,Chesterville,1,Update: Interruption Of Water Supply In Northern And Southern Areas,https://roads.durban.gov.za/press-statement/Update%3A%2BInterruption%2BOf%2BWater%2BSupply%2BIn%2BNorthern%2BAnd%2BSouthern%2BAreas,Official eThekwini Municipality public notice / press statement,Factual affected-area event compiled from the cited official municipal notice; not a synthetic observation.
192,E009,2023-10-12,2023,10,eThekwini Metropolitan Municipality,KwaZulu-Natal,South Africa,reservoir_recovery,0,Westville,Westville,1,Update: Interruption Of Water Supply In Northern And Southern Areas,https://roads.durban.gov.za/press-statement/Update%3A%2BInterruption%2BOf%2BWater%2BSupply%2BIn%2BNorthern%2BAnd%2BSouthern%2BAreas,Official eThekwini Municipality public notice / press statement,Factual affected-area event compiled from the cited official municipal notice; not a synthetic observation.
193,E009,2023-10-12,2023,10,eThekwini Metropolitan Municipality,KwaZulu-Natal,South Africa,reservoir_recovery,0,Pinetown,Pinetown,1,Update: Interruption Of Water Supply In Northern And Southern Areas,https://roads.durban.gov.za/press-statement/Update%3A%2BInterruption%2BOf%2BWater%2BSupply%2BIn%2BNorthern%2BAnd%2BSouthern%2BAreas,Official eThekwini Municipality public notice / press statement,Factual affected-area event compiled from the cited official municipal notice; not a synthetic observation.
194,E009,2023-10-12,2023,10,eThekwini Metropolitan Municipality,KwaZulu-Natal,South Africa,reservoir_recovery,0,KwaSanti,KwaSanti,1,Update: Interruption Of Water Supply In Northern And Southern Areas,https://roads.durban.gov.za/press-statement/Update%3A%2BInterruption%2BOf%2BWater%2BSupply%2BIn%2BNorthern%2BAnd%2BSouthern%2BAreas,Official eThekwini Municipality public notice / press statement,Factual affected-area event compiled from the cited official municipal notice; not a synthetic observation.
195,E009,2023-10-12,2023,10,eThekwini Metropolitan Municipality,KwaZulu-Natal,South Africa,reservoir_recovery,0,Savannah Park,Savannah Park,1,Update: Interruption Of Water Supply In Northern And Southern Areas,https://roads.durban.gov.za/press-statement/Update%3A%2BInterruption%2BOf%2BWater%2BSupply%2BIn%2BNorthern%2BAnd%2BSouthern%2BAreas,Official eThekwini Municipality public notice / press statement,Factual affected-area event compiled from the cited official municipal notice; not a synthetic observation.
196,E009,2023-10-12,2023,10,eThekwini Metropolitan Municipality,KwaZulu-Natal,South Africa,reservoir_recovery,0,Klaarwater,Klaarwater,1,Update: Interruption Of Water Supply In Northern And Southern Areas,https://roads.durban.gov.za/press-statement/Update%3A%2BInterruption%2BOf%2BWater%2BSupply%2BIn%2BNorthern%2BAnd%2BSouthern%2BAreas,Official eThekwini Municipality public notice / press statement,Factual affected-area event compiled from the cited official municipal notice; not a synthetic observation.
197,E009,2023-10-12,2023,10,eThekwini Metropolitan Municipality,KwaZulu-Natal,South Africa,reservoir_recovery,0,Verulam,Verulam,1,Update: Interruption Of Water Supply In Northern And Southern Areas,https://roads.durban.gov.za/press-statement/Update%3A%2BInterruption%2BOf%2BWater%2BSupply%2BIn%2BNorthern%2BAnd%2BSouthern%2BAreas,Official eThekwini Municipality public notice / press statement,Factual affected-area event compiled from the cited official municipal notice; not a synthetic observation.
198,E009,2023-10-12,2023,10,eThekwini Metropolitan Municipality,KwaZulu-Natal,South Africa,reservoir_recovery,0,Redcliffe,Redcliffe,1,Update: Interruption Of Water Supply In Northern And Southern Areas,https://roads.durban.gov.za/press-statement/Update%3A%2BInterruption%2BOf%2BWater%2BSupply%2BIn%2BNorthern%2BAnd%2BSouthern%2BAreas,Official eThekwini Municipality public notice / press statement,Factual affected-area event compiled from the cited official municipal notice; not a synthetic observation.
199,E009,2023-10-12,2023,10,eThekwini Metropolitan Municipality,KwaZulu-Natal,South Africa,reservoir_recovery,0,Richmond Farm,Richmond Farm,1,Update: Interruption Of Water Supply In Northern And Southern Areas,https://roads.durban.gov.za/press-statement/Update%3A%2BInterruption%2BOf%2BWater%2BSupply%2BIn%2BNorthern%2BAnd%2BSouthern%2BAreas,Official eThekwini Municipality public notice / press statement,Factual affected-area event compiled from the cited official municipal notice; not a synthetic observation.
200,E009,2023-10-12,2023,10,eThekwini Metropolitan Municipality,KwaZulu-Natal,South Africa,reservoir_recovery,0,Queensburgh,Queensburgh,1,Update: Interruption Of Water Supply In Northern And Southern Areas,https://roads.durban.gov.za/press-statement/Update%3A%2BInterruption%2BOf%2BWater%2BSupply%2BIn%2BNorthern%2BAnd%2BSouthern%2BAreas,Official eThekwini Municipality public notice / press statement,Factual affected-area event compiled from the cited official municipal notice; not a synthetic observation.
201,E009,2023-10-12,2023,10,eThekwini Metropolitan Municipality,KwaZulu-Natal,South Africa,reservoir_recovery,0,Shallcross,Shallcross,1,Update: Interruption Of Water Supply In Northern And Southern Areas,https://roads.durban.gov.za/press-statement/Update%3A%2BInterruption%2BOf%2BWater%2BSupply%2BIn%2BNorthern%2BAnd%2BSouthern%2BAreas,Official eThekwini Municipality public notice / press statement,Factual affected-area event compiled from the cited official municipal notice; not a synthetic observation.
202,E009,2023-10-12,2023,10,eThekwini Metropolitan Municipality,KwaZulu-Natal,South Africa,reservoir_recovery,0,St Wendolins,St Wendolins,1,Update: Interruption Of Water Supply In Northern And Southern Areas,https://roads.durban.gov.za/press-statement/Update%3A%2BInterruption%2BOf%2BWater%2BSupply%2BIn%2BNorthern%2BAnd%2BSouthern%2BAreas,Official eThekwini Municipality public notice / press statement,Factual affected-area event compiled from the cited official municipal notice; not a synthetic observation.
203,E009,2023-10-12,2023,10,eThekwini Metropolitan Municipality,KwaZulu-Natal,South Africa,reservoir_recovery,0,Welbedacht West,Welbedacht West,1,Update: Interruption Of Water Supply In Northern And Southern Areas,https://roads.durban.gov.za/press-statement/Update%3A%2BInterruption%2BOf%2BWater%2BSupply%2BIn%2BNorthern%2BAnd%2BSouthern%2BAreas,Official eThekwini Municipality public notice / press statement,Factual affected-area event compiled from the cited official municipal notice; not a synthetic observation.
204,E009,2023-10-12,2023,10,eThekwini Metropolitan Municipality,KwaZulu-Natal,South Africa,reservoir_recovery,0,Demat,Demat,1,Update: Interruption Of Water Supply In Northern And Southern Areas,https://roads.durban.gov.za/press-statement/Update%3A%2BInterruption%2BOf%2BWater%2BSupply%2BIn%2BNorthern%2BAnd%2BSouthern%2BAreas,Official eThekwini Municipality public notice / press statement,Factual affected-area event compiled from the cited official municipal notice; not a synthetic observation.
205,E009,2023-10-12,2023,10,eThekwini Metropolitan Municipality,KwaZulu-Natal,South Africa,reservoir_recovery,0,Luganda,Luganda,1,Update: Interruption Of Water Supply In Northern And Southern Areas,https://roads.durban.gov.za/press-statement/Update%3A%2BInterruption%2BOf%2BWater%2BSupply%2BIn%2BNorthern%2BAnd%2BSouthern%2BAreas,Official eThekwini Municipality public notice / press statement,Factual affected-area event compiled from the cited official municipal notice; not a synthetic observation.
206,E009,2023-10-12,2023,10,eThekwini Metropolitan Municipality,KwaZulu-Natal,South Africa,reservoir_recovery,0,Mawelewele,Mawelewele,1,Update: Interruption Of Water Supply In Northern And Southern Areas,https://roads.durban.gov.za/press-statement/Update%3A%2BInterruption%2BOf%2BWater%2BSupply%2BIn%2BNorthern%2BAnd%2BSouthern%2BAreas,Official eThekwini Municipality public notice / press statement,Factual affected-area event compiled from the cited official municipal notice; not a synthetic observation.
207,E009,2023-10-12,2023,10,eThekwini Metropolitan Municipality,KwaZulu-Natal,South Africa,reservoir_recovery,0,Parts of Nagina,Nagina,1,Update: Interruption Of Water Supply In Northern And Southern Areas,https://roads.durban.gov.za/press-statement/Update%3A%2BInterruption%2BOf%2BWater%2BSupply%2BIn%2BNorthern%2BAnd%2BSouthern%2BAreas,Official eThekwini Municipality public notice / press statement,Factual affected-area event compiled from the cited official municipal notice; not a synthetic observation.
208,E009,2023-10-12,2023,10,eThekwini Metropolitan Municipality,KwaZulu-Natal,South Africa,reservoir_recovery,0,Washington Heights,Washington Heights,1,Update: Interruption Of Water Supply In Northern And Southern Areas,https://roads.durban.gov.za/press-statement/Update%3A%2BInterruption%2BOf%2BWater%2BSupply%2BIn%2BNorthern%2BAnd%2BSouthern%2BAreas,Official eThekwini Municipality public notice / press statement,Factual affected-area event compiled from the cited official municipal notice; not a synthetic observation.
209,E010,2024-02-15,2024,2,eThekwini Metropolitan Municipality,KwaZulu-Natal,South Africa,planned_maintenance,1,Bonela,Bonela,1,Water Restriction from Wiggins Water Works Pumpstation,https://www.durban.gov.za/press-statement/Water%2BRestriction%2Bfrom%2BWiggins%2BWater%2BWorks%2BPumpstation,Official eThekwini Municipality public notice / press statement,Factual affected-area event compiled from the cited official municipal notice; not a synthetic observation.
210,E010,2024-02-15,2024,2,eThekwini Metropolitan Municipality,KwaZulu-Natal,South Africa,planned_maintenance,1,Briardene,Briardene,1,Water Restriction from Wiggins Water Works Pumpstation,https://www.durban.gov.za/press-statement/Water%2BRestriction%2Bfrom%2BWiggins%2BWater%2BWorks%2BPumpstation,Official eThekwini Municipality public notice / press statement,Factual affected-area event compiled from the cited official municipal notice; not a synthetic observation.
211,E010,2024-02-15,2024,2,eThekwini Metropolitan Municipality,KwaZulu-Natal,South Africa,planned_maintenance,1,Clare Estate,Clare Estate,1,Water Restriction from Wiggins Water Works Pumpstation,https://www.durban.gov.za/press-statement/Water%2BRestriction%2Bfrom%2BWiggins%2BWater%2BWorks%2BPumpstation,Official eThekwini Municipality public notice / press statement,Factual affected-area event compiled from the cited official municipal notice; not a synthetic observation.
212,E010,2024-02-15,2024,2,eThekwini Metropolitan Municipality,KwaZulu-Natal,South Africa,planned_maintenance,1,Clare Hills,Clare Hills,1,Water Restriction from Wiggins Water Works Pumpstation,https://www.durban.gov.za/press-statement/Water%2BRestriction%2Bfrom%2BWiggins%2BWater%2BWorks%2BPumpstation,Official eThekwini Municipality public notice / press statement,Factual affected-area event compiled from the cited official municipal notice; not a synthetic observation.
213,E010,2024-02-15,2024,2,eThekwini Metropolitan Municipality,KwaZulu-Natal,South Africa,planned_maintenance,1,Garden Park,Garden Park,1,Water Restriction from Wiggins Water Works Pumpstation,https://www.durban.gov.za/press-statement/Water%2BRestriction%2Bfrom%2BWiggins%2BWater%2BWorks%2BPumpstation,Official eThekwini Municipality public notice / press statement,Factual affected-area event compiled from the cited official municipal notice; not a synthetic observation.
214,E010,2024-02-15,2024,2,eThekwini Metropolitan Municipality,KwaZulu-Natal,South Africa,planned_maintenance,1,Morningside,Morningside,1,Water Restriction from Wiggins Water Works Pumpstation,https://www.durban.gov.za/press-statement/Water%2BRestriction%2Bfrom%2BWiggins%2BWater%2BWorks%2BPumpstation,Official eThekwini Municipality public notice / press statement,Factual affected-area event compiled from the cited official municipal notice; not a synthetic observation.
215,E010,2024-02-15,2024,2,eThekwini Metropolitan Municipality,KwaZulu-Natal,South Africa,planned_maintenance,1,Musgrave,Musgrave,1,Water Restriction from Wiggins Water Works Pumpstation,https://www.durban.gov.za/press-statement/Water%2BRestriction%2Bfrom%2BWiggins%2BWater%2BWorks%2BPumpstation,Official eThekwini Municipality public notice / press statement,Factual affected-area event compiled from the cited official municipal notice; not a synthetic observation.
216,E010,2024-02-15,2024,2,eThekwini Metropolitan Municipality,KwaZulu-Natal,South Africa,planned_maintenance,1,Palmiet,Palmiet,1,Water Restriction from Wiggins Water Works Pumpstation,https://www.durban.gov.za/press-statement/Water%2BRestriction%2Bfrom%2BWiggins%2BWater%2BWorks%2BPumpstation,Official eThekwini Municipality public notice / press statement,Factual affected-area event compiled from the cited official municipal notice; not a synthetic observation.
217,E010,2024-02-15,2024,2,eThekwini Metropolitan Municipality,KwaZulu-Natal,South Africa,planned_maintenance,1,Sherwood,Sherwood,1,Water Restriction from Wiggins Water Works Pumpstation,https://www.durban.gov.za/press-statement/Water%2BRestriction%2Bfrom%2BWiggins%2BWater%2BWorks%2BPumpstation,Official eThekwini Municipality public notice / press statement,Factual affected-area event compiled from the cited official municipal notice; not a synthetic observation.
218,E010,2024-02-15,2024,2,eThekwini Metropolitan Municipality,KwaZulu-Natal,South Africa,planned_maintenance,1,Sparks,Sparks,1,Water Restriction from Wiggins Water Works Pumpstation,https://www.durban.gov.za/press-statement/Water%2BRestriction%2Bfrom%2BWiggins%2BWater%2BWorks%2BPumpstation,Official eThekwini Municipality public notice / press statement,Factual affected-area event compiled from the cited official municipal notice; not a synthetic observation.
219,E010,2024-02-15,2024,2,eThekwini Metropolitan Municipality,KwaZulu-Natal,South Africa,planned_maintenance,1,Springfield,Springfield,1,Water Restriction from Wiggins Water Works Pumpstation,https://www.durban.gov.za/press-statement/Water%2BRestriction%2Bfrom%2BWiggins%2BWater%2BWorks%2BPumpstation,Official eThekwini Municipality public notice / press statement,Factual affected-area event compiled from the cited official municipal notice; not a synthetic observation.
220,E010,2024-02-15,2024,2,eThekwini Metropolitan Municipality,KwaZulu-Natal,South Africa,planned_maintenance,1,Sydenham,Sydenham,1,Water Restriction from Wiggins Water Works Pumpstation,https://www.durban.gov.za/press-statement/Water%2BRestriction%2Bfrom%2BWiggins%2BWater%2BWorks%2BPumpstation,Official eThekwini Municipality public notice / press statement,Factual affected-area event compiled from the cited official municipal notice; not a synthetic observation.
221,E010,2024-02-15,2024,2,eThekwini Metropolitan Municipality,KwaZulu-Natal,South Africa,planned_maintenance,1,Waterval Park,Waterval Park,1,Water Restriction from Wiggins Water Works Pumpstation,https://www.durban.gov.za/press-statement/Water%2BRestriction%2Bfrom%2BWiggins%2BWater%2BWorks%2BPumpstation,Official eThekwini Municipality public notice / press statement,Factual affected-area event compiled from the cited official municipal notice; not a synthetic observation.
222,E010,2024-02-15,2024,2,eThekwini Metropolitan Municipality,KwaZulu-Natal,South Africa,planned_maintenance,1,Westridge,Westridge,1,Water Restriction from Wiggins Water Works Pumpstation,https://www.durban.gov.za/press-statement/Water%2BRestriction%2Bfrom%2BWiggins%2BWater%2BWorks%2BPumpstation,Official eThekwini Municipality public notice / press statement,Factual affected-area event compiled from the cited official municipal notice; not a synthetic observation.
223,E010,2024-02-15,2024,2,eThekwini Metropolitan Municipality,KwaZulu-Natal,South Africa,planned_maintenance,1,Wiggins,Wiggins,1,Water Restriction from Wiggins Water Works Pumpstation,https://www.durban.gov.za/press-statement/Water%2BRestriction%2Bfrom%2BWiggins%2BWater%2BWorks%2BPumpstation,Official eThekwini Municipality public notice / press statement,Factual affected-area event compiled from the cited official municipal notice; not a synthetic observation.
224,E011,2024-04-15,2024,4,eThekwini Metropolitan Municipality,KwaZulu-Natal,South Africa,planned_pipeline_work,1,Parts of Morningside,Morningside,1,Planned water restriction in some areas supplied by the Wiggins pumping system due to road construction,https://www.durban.gov.za/press-statement/Planned%2Bwater%2Brestriction%2Bin%2Bsome%2Bareas%2Bsupplied%2Bby%2Bthe%2BWiggins%2Bpumping%2Bsystem%2Bdue%2Bto%2Broad%2Bconstruction,Official eThekwini Municipality public notice / press statement,Factual affected-area event compiled from the cited official municipal notice; not a synthetic observation.
225,E011,2024-04-15,2024,4,eThekwini Metropolitan Municipality,KwaZulu-Natal,South Africa,planned_pipeline_work,1,Overport,Overport,1,Planned water restriction in some areas supplied by the Wiggins pumping system due to road construction,https://www.durban.gov.za/press-statement/Planned%2Bwater%2Brestriction%2Bin%2Bsome%2Bareas%2Bsupplied%2Bby%2Bthe%2BWiggins%2Bpumping%2Bsystem%2Bdue%2Bto%2Broad%2Bconstruction,Official eThekwini Municipality public notice / press statement,Factual affected-area event compiled from the cited official municipal notice; not a synthetic observation.
226,E011,2024-04-15,2024,4,eThekwini Metropolitan Municipality,KwaZulu-Natal,South Africa,planned_pipeline_work,1,Essenwood,Essenwood,1,Planned water restriction in some areas supplied by the Wiggins pumping system due to road construction,https://www.durban.gov.za/press-statement/Planned%2Bwater%2Brestriction%2Bin%2Bsome%2Bareas%2Bsupplied%2Bby%2Bthe%2BWiggins%2Bpumping%2Bsystem%2Bdue%2Bto%2Broad%2Bconstruction,Official eThekwini Municipality public notice / press statement,Factual affected-area event compiled from the cited official municipal notice; not a synthetic observation.
227,E011,2024-04-15,2024,4,eThekwini Metropolitan Municipality,KwaZulu-Natal,South Africa,planned_pipeline_work,1,Berea,Berea,1,Planned water restriction in some areas supplied by the Wiggins pumping system due to road construction,https://www.durban.gov.za/press-statement/Planned%2Bwater%2Brestriction%2Bin%2Bsome%2Bareas%2Bsupplied%2Bby%2Bthe%2BWiggins%2Bpumping%2Bsystem%2Bdue%2Bto%2Broad%2Bconstruction,Official eThekwini Municipality public notice / press statement,Factual affected-area event compiled from the cited official municipal notice; not a synthetic observation.
228,E011,2024-04-15,2024,4,eThekwini Metropolitan Municipality,KwaZulu-Natal,South Africa,planned_pipeline_work,1,Westridge,Westridge,1,Planned water restriction in some areas supplied by the Wiggins pumping system due to road construction,https://www.durban.gov.za/press-statement/Planned%2Bwater%2Brestriction%2Bin%2Bsome%2Bareas%2Bsupplied%2Bby%2Bthe%2BWiggins%2Bpumping%2Bsystem%2Bdue%2Bto%2Broad%2Bconstruction,Official eThekwini Municipality public notice / press statement,Factual affected-area event compiled from the cited official municipal notice; not a synthetic observation.
229,E011,2024-04-15,2024,4,eThekwini Metropolitan Municipality,KwaZulu-Natal,South Africa,planned_pipeline_work,1,Glenwood,Glenwood,1,Planned water restriction in some areas supplied by the Wiggins pumping system due to road construction,https://www.durban.gov.za/press-statement/Planned%2Bwater%2Brestriction%2Bin%2Bsome%2Bareas%2Bsupplied%2Bby%2Bthe%2BWiggins%2Bpumping%2Bsystem%2Bdue%2Bto%2Broad%2Bconstruction,Official eThekwini Municipality public notice / press statement,Factual affected-area event compiled from the cited official municipal notice; not a synthetic observation.
230,E011,2024-04-15,2024,4,eThekwini Metropolitan Municipality,KwaZulu-Natal,South Africa,planned_pipeline_work,1,Carrington Heights,Carrington Heights,1,Planned water restriction in some areas supplied by the Wiggins pumping system due to road construction,https://www.durban.gov.za/press-statement/Planned%2Bwater%2Brestriction%2Bin%2Bsome%2Bareas%2Bsupplied%2Bby%2Bthe%2BWiggins%2Bpumping%2Bsystem%2Bdue%2Bto%2Broad%2Bconstruction,Official eThekwini Municipality public notice / press statement,Factual affected-area event compiled from the cited official municipal notice; not a synthetic observation.
231,E011,2024-04-15,2024,4,eThekwini Metropolitan Municipality,KwaZulu-Natal,South Africa,planned_pipeline_work,1,Woodlands,Woodlands,1,Planned water restriction in some areas supplied by the Wiggins pumping system due to road construction,https://www.durban.gov.za/press-statement/Planned%2Bwater%2Brestriction%2Bin%2Bsome%2Bareas%2Bsupplied%2Bby%2Bthe%2BWiggins%2Bpumping%2Bsystem%2Bdue%2Bto%2Broad%2Bconstruction,Official eThekwini Municipality public notice / press statement,Factual affected-area event compiled from the cited official municipal notice; not a synthetic observation.
232,E011,2024-04-15,2024,4,eThekwini Metropolitan Municipality,KwaZulu-Natal,South Africa,planned_pipeline_work,1,Woodhaven,Woodhaven,1,Planned water restriction in some areas supplied by the Wiggins pumping system due to road construction,https://www.durban.gov.za/press-statement/Planned%2Bwater%2Brestriction%2Bin%2Bsome%2Bareas%2Bsupplied%2Bby%2Bthe%2BWiggins%2Bpumping%2Bsystem%2Bdue%2Bto%2Broad%2Bconstruction,Official eThekwini Municipality public notice / press statement,Factual affected-area event compiled from the cited official municipal notice; not a synthetic observation.
233,E011,2024-04-15,2024,4,eThekwini Metropolitan Municipality,KwaZulu-Natal,South Africa,planned_pipeline_work,1,Mobeni Heights,Mobeni Heights,1,Planned water restriction in some areas supplied by the Wiggins pumping system due to road construction,https://www.durban.gov.za/press-statement/Planned%2Bwater%2Brestriction%2Bin%2Bsome%2Bareas%2Bsupplied%2Bby%2Bthe%2BWiggins%2Bpumping%2Bsystem%2Bdue%2Bto%2Broad%2Bconstruction,Official eThekwini Municipality public notice / press statement,Factual affected-area event compiled from the cited official municipal notice; not a synthetic observation.
234,E011,2024-04-15,2024,4,eThekwini Metropolitan Municipality,KwaZulu-Natal,South Africa,planned_pipeline_work,1,Lamontville,Lamontville,1,Planned water restriction in some areas supplied by the Wiggins pumping system due to road construction,https://www.durban.gov.za/press-statement/Planned%2Bwater%2Brestriction%2Bin%2Bsome%2Bareas%2Bsupplied%2Bby%2Bthe%2BWiggins%2Bpumping%2Bsystem%2Bdue%2Bto%2Broad%2Bconstruction,Official eThekwini Municipality public notice / press statement,Factual affected-area event compiled from the cited official municipal notice; not a synthetic observation.
235,E011,2024-04-15,2024,4,eThekwini Metropolitan Municipality,KwaZulu-Natal,South Africa,planned_pipeline_work,1,Umlazi V,Umlazi V,1,Planned water restriction in some areas supplied by the Wiggins pumping system due to road construction,https://www.durban.gov.za/press-statement/Planned%2Bwater%2Brestriction%2Bin%2Bsome%2Bareas%2Bsupplied%2Bby%2Bthe%2BWiggins%2Bpumping%2Bsystem%2Bdue%2Bto%2Broad%2Bconstruction,Official eThekwini Municipality public notice / press statement,Factual affected-area event compiled from the cited official municipal notice; not a synthetic observation.
236,E011,2024-04-15,2024,4,eThekwini Metropolitan Municipality,KwaZulu-Natal,South Africa,planned_pipeline_work,1,Prince Mshiyeni Hospital,Prince Mshiyeni Hospital,1,Planned water restriction in some areas supplied by the Wiggins pumping system due to road construction,https://www.durban.gov.za/press-statement/Planned%2Bwater%2Brestriction%2Bin%2Bsome%2Bareas%2Bsupplied%2Bby%2Bthe%2BWiggins%2Bpumping%2Bsystem%2Bdue%2Bto%2Broad%2Bconstruction,Official eThekwini Municipality public notice / press statement,Factual affected-area event compiled from the cited official municipal notice; not a synthetic observation.
237,E012,2024-05-27,2024,5,eThekwini Metropolitan Municipality,KwaZulu-Natal,South Africa,power_outage,0,Athlone Park,Athlone Park,1,Power Outage Interrupts Water Supply from South Coast Augmentation Pipeline to Amanzimtoti Water Treatment Works,https://www.durban.gov.za/press-statement/Power%2BOutage%2BInterrupts%2BWater%2BSupply%2Bfrom%2BSouth%2BCoast%2BAugmentation%2BPipeline%2Bto%2BAmanzimtoti%2BWater%2BTreatment%2BWorks,Official eThekwini Municipality public notice / press statement,Factual affected-area event compiled from the cited official municipal notice; not a synthetic observation.
238,E012,2024-05-27,2024,5,eThekwini Metropolitan Municipality,KwaZulu-Natal,South Africa,power_outage,0,Ezimbokodweni,Ezimbokodweni,1,Power Outage Interrupts Water Supply from South Coast Augmentation Pipeline to Amanzimtoti Water Treatment Works,https://www.durban.gov.za/press-statement/Power%2BOutage%2BInterrupts%2BWater%2BSupply%2Bfrom%2BSouth%2BCoast%2BAugmentation%2BPipeline%2Bto%2BAmanzimtoti%2BWater%2BTreatment%2BWorks,Official eThekwini Municipality public notice / press statement,Factual affected-area event compiled from the cited official municipal notice; not a synthetic observation.
239,E012,2024-05-27,2024,5,eThekwini Metropolitan Municipality,KwaZulu-Natal,South Africa,power_outage,0,Amanzimtoti CBD,Amanzimtoti CBD,1,Power Outage Interrupts Water Supply from South Coast Augmentation Pipeline to Amanzimtoti Water Treatment Works,https://www.durban.gov.za/press-statement/Power%2BOutage%2BInterrupts%2BWater%2BSupply%2Bfrom%2BSouth%2BCoast%2BAugmentation%2BPipeline%2Bto%2BAmanzimtoti%2BWater%2BTreatment%2BWorks,Official eThekwini Municipality public notice / press statement,Factual affected-area event compiled from the cited official municipal notice; not a synthetic observation.
240,E012,2024-05-27,2024,5,eThekwini Metropolitan Municipality,KwaZulu-Natal,South Africa,power_outage,0,Almond,Almond,1,Power Outage Interrupts Water Supply from South Coast Augmentation Pipeline to Amanzimtoti Water Treatment Works,https://www.durban.gov.za/press-statement/Power%2BOutage%2BInterrupts%2BWater%2BSupply%2Bfrom%2BSouth%2BCoast%2BAugmentation%2BPipeline%2Bto%2BAmanzimtoti%2BWater%2BTreatment%2BWorks,Official eThekwini Municipality public notice / press statement,Factual affected-area event compiled from the cited official municipal notice; not a synthetic observation.
241,E012,2024-05-27,2024,5,eThekwini Metropolitan Municipality,KwaZulu-Natal,South Africa,power_outage,0,Kingsburgh,Kingsburgh,1,Power Outage Interrupts Water Supply from South Coast Augmentation Pipeline to Amanzimtoti Water Treatment Works,https://www.durban.gov.za/press-statement/Power%2BOutage%2BInterrupts%2BWater%2BSupply%2Bfrom%2BSouth%2BCoast%2BAugmentation%2BPipeline%2Bto%2BAmanzimtoti%2BWater%2BTreatment%2BWorks,Official eThekwini Municipality public notice / press statement,Factual affected-area event compiled from the cited official municipal notice; not a synthetic observation.
242,E012,2024-05-27,2024,5,eThekwini Metropolitan Municipality,KwaZulu-Natal,South Africa,power_outage,0,Doonside,Doonside,1,Power Outage Interrupts Water Supply from South Coast Augmentation Pipeline to Amanzimtoti Water Treatment Works,https://www.durban.gov.za/press-statement/Power%2BOutage%2BInterrupts%2BWater%2BSupply%2Bfrom%2BSouth%2BCoast%2BAugmentation%2BPipeline%2Bto%2BAmanzimtoti%2BWater%2BTreatment%2BWorks,Official eThekwini Municipality public notice / press statement,Factual affected-area event compiled from the cited official municipal notice; not a synthetic observation.
243,E012,2024-05-27,2024,5,eThekwini Metropolitan Municipality,KwaZulu-Natal,South Africa,power_outage,0,Panorama Park,Panorama Park,1,Power Outage Interrupts Water Supply from South Coast Augmentation Pipeline to Amanzimtoti Water Treatment Works,https://www.durban.gov.za/press-statement/Power%2BOutage%2BInterrupts%2BWater%2BSupply%2Bfrom%2BSouth%2BCoast%2BAugmentation%2BPipeline%2Bto%2BAmanzimtoti%2BWater%2BTreatment%2BWorks,Official eThekwini Municipality public notice / press statement,Factual affected-area event compiled from the cited official municipal notice; not a synthetic observation.
244,E012,2024-05-27,2024,5,eThekwini Metropolitan Municipality,KwaZulu-Natal,South Africa,power_outage,0,Mgobhozini,Mgobhozini,1,Power Outage Interrupts Water Supply from South Coast Augmentation Pipeline to Amanzimtoti Water Treatment Works,https://www.durban.gov.za/press-statement/Power%2BOutage%2BInterrupts%2BWater%2BSupply%2Bfrom%2BSouth%2BCoast%2BAugmentation%2BPipeline%2Bto%2BAmanzimtoti%2BWater%2BTreatment%2BWorks,Official eThekwini Municipality public notice / press statement,Factual affected-area event compiled from the cited official municipal notice; not a synthetic observation.
245,E012,2024-05-27,2024,5,eThekwini Metropolitan Municipality,KwaZulu-Natal,South Africa,power_outage,0,Mfume,Mfume,1,Power Outage Interrupts Water Supply from South Coast Augmentation Pipeline to Amanzimtoti Water Treatment Works,https://www.durban.gov.za/press-statement/Power%2BOutage%2BInterrupts%2BWater%2BSupply%2Bfrom%2BSouth%2BCoast%2BAugmentation%2BPipeline%2Bto%2BAmanzimtoti%2BWater%2BTreatment%2BWorks,Official eThekwini Municipality public notice / press statement,Factual affected-area event compiled from the cited official municipal notice; not a synthetic observation.
246,E012,2024-05-27,2024,5,eThekwini Metropolitan Municipality,KwaZulu-Natal,South Africa,power_outage,0,KwaSoni,KwaSoni,1,Power Outage Interrupts Water Supply from South Coast Augmentation Pipeline to Amanzimtoti Water Treatment Works,https://www.durban.gov.za/press-statement/Power%2BOutage%2BInterrupts%2BWater%2BSupply%2Bfrom%2BSouth%2BCoast%2BAugmentation%2BPipeline%2Bto%2BAmanzimtoti%2BWater%2BTreatment%2BWorks,Official eThekwini Municipality public notice / press statement,Factual affected-area event compiled from the cited official municipal notice; not a synthetic observation.
247,E012,2024-05-27,2024,5,eThekwini Metropolitan Municipality,KwaZulu-Natal,South Africa,power_outage,0,Mashiwase,Mashiwase,1,Power Outage Interrupts Water Supply from South Coast Augmentation Pipeline to Amanzimtoti Water Treatment Works,https://www.durban.gov.za/press-statement/Power%2BOutage%2BInterrupts%2BWater%2BSupply%2Bfrom%2BSouth%2BCoast%2BAugmentation%2BPipeline%2Bto%2BAmanzimtoti%2BWater%2BTreatment%2BWorks,Official eThekwini Municipality public notice / press statement,Factual affected-area event compiled from the cited official municipal notice; not a synthetic observation.
248,E012,2024-05-27,2024,5,eThekwini Metropolitan Municipality,KwaZulu-Natal,South Africa,power_outage,0,Nkwali,Nkwali,1,Power Outage Interrupts Water Supply from South Coast Augmentation Pipeline to Amanzimtoti Water Treatment Works,https://www.durban.gov.za/press-statement/Power%2BOutage%2BInterrupts%2BWater%2BSupply%2Bfrom%2BSouth%2BCoast%2BAugmentation%2BPipeline%2Bto%2BAmanzimtoti%2BWater%2BTreatment%2BWorks,Official eThekwini Municipality public notice / press statement,Factual affected-area event compiled from the cited official municipal notice; not a synthetic observation.
249,E012,2024-05-27,2024,5,eThekwini Metropolitan Municipality,KwaZulu-Natal,South Africa,power_outage,0,Lovu,Lovu,1,Power Outage Interrupts Water Supply from South Coast Augmentation Pipeline to Amanzimtoti Water Treatment Works,https://www.durban.gov.za/press-statement/Power%2BOutage%2BInterrupts%2BWater%2BSupply%2Bfrom%2BSouth%2BCoast%2BAugmentation%2BPipeline%2Bto%2BAmanzimtoti%2BWater%2BTreatment%2BWorks,Official eThekwini Municipality public notice / press statement,Factual affected-area event compiled from the cited official municipal notice; not a synthetic observation.
250,E012,2024-05-27,2024,5,eThekwini Metropolitan Municipality,KwaZulu-Natal,South Africa,power_outage,0,Bhekulwandle,Bhekulwandle,1,Power Outage Interrupts Water Supply from South Coast Augmentation Pipeline to Amanzimtoti Water Treatment Works,https://www.durban.gov.za/press-statement/Power%2BOutage%2BInterrupts%2BWater%2BSupply%2Bfrom%2BSouth%2BCoast%2BAugmentation%2BPipeline%2Bto%2BAmanzimtoti%2BWater%2BTreatment%2BWorks,Official eThekwini Municipality public notice / press statement,Factual affected-area event compiled from the cited official municipal notice; not a synthetic observation.
251,E012,2024-05-27,2024,5,eThekwini Metropolitan Municipality,KwaZulu-Natal,South Africa,power_outage,0,KwaMakhutha,KwaMakhutha,1,Power Outage Interrupts Water Supply from South Coast Augmentation Pipeline to Amanzimtoti Water Treatment Works,https://www.durban.gov.za/press-statement/Power%2BOutage%2BInterrupts%2BWater%2BSupply%2Bfrom%2BSouth%2BCoast%2BAugmentation%2BPipeline%2Bto%2BAmanzimtoti%2BWater%2BTreatment%2BWorks,Official eThekwini Municipality public notice / press statement,Factual affected-area event compiled from the cited official municipal notice; not a synthetic observation.
252,E012,2024-05-27,2024,5,eThekwini Metropolitan Municipality,KwaZulu-Natal,South Africa,power_outage,0,Mkhazini,Mkhazini,1,Power Outage Interrupts Water Supply from South Coast Augmentation Pipeline to Amanzimtoti Water Treatment Works,https://www.durban.gov.za/press-statement/Power%2BOutage%2BInterrupts%2BWater%2BSupply%2Bfrom%2BSouth%2BCoast%2BAugmentation%2BPipeline%2Bto%2BAmanzimtoti%2BWater%2BTreatment%2BWorks,Official eThekwini Municipality public notice / press statement,Factual affected-area event compiled from the cited official municipal notice; not a synthetic observation.
253,E012,2024-05-27,2024,5,eThekwini Metropolitan Municipality,KwaZulu-Natal,South Africa,power_outage,0,KwaFakazi,KwaFakazi,1,Power Outage Interrupts Water Supply from South Coast Augmentation Pipeline to Amanzimtoti Water Treatment Works,https://www.durban.gov.za/press-statement/Power%2BOutage%2BInterrupts%2BWater%2BSupply%2Bfrom%2BSouth%2BCoast%2BAugmentation%2BPipeline%2Bto%2BAmanzimtoti%2BWater%2BTreatment%2BWorks,Official eThekwini Municipality public notice / press statement,Factual affected-area event compiled from the cited official municipal notice; not a synthetic observation.
254,E012,2024-05-27,2024,5,eThekwini Metropolitan Municipality,KwaZulu-Natal,South Africa,power_outage,0,KwaMgendwa,KwaMgendwa,1,Power Outage Interrupts Water Supply from South Coast Augmentation Pipeline to Amanzimtoti Water Treatment Works,https://www.durban.gov.za/press-statement/Power%2BOutage%2BInterrupts%2BWater%2BSupply%2Bfrom%2BSouth%2BCoast%2BAugmentation%2BPipeline%2Bto%2BAmanzimtoti%2BWater%2BTreatment%2BWorks,Official eThekwini Municipality public notice / press statement,Factual affected-area event compiled from the cited official municipal notice; not a synthetic observation.
255,E012,2024-05-27,2024,5,eThekwini Metropolitan Municipality,KwaZulu-Natal,South Africa,power_outage,0,Mahlathini,Mahlathini,1,Power Outage Interrupts Water Supply from South Coast Augmentation Pipeline to Amanzimtoti Water Treatment Works,https://www.durban.gov.za/press-statement/Power%2BOutage%2BInterrupts%2BWater%2BSupply%2Bfrom%2BSouth%2BCoast%2BAugmentation%2BPipeline%2Bto%2BAmanzimtoti%2BWater%2BTreatment%2BWorks,Official eThekwini Municipality public notice / press statement,Factual affected-area event compiled from the cited official municipal notice; not a synthetic observation.
256,E012,2024-05-27,2024,5,eThekwini Metropolitan Municipality,KwaZulu-Natal,South Africa,power_outage,0,Ohlongeni,Ohlongeni,1,Power Outage Interrupts Water Supply from South Coast Augmentation Pipeline to Amanzimtoti Water Treatment Works,https://www.durban.gov.za/press-statement/Power%2BOutage%2BInterrupts%2BWater%2BSupply%2Bfrom%2BSouth%2BCoast%2BAugmentation%2BPipeline%2Bto%2BAmanzimtoti%2BWater%2BTreatment%2BWorks,Official eThekwini Municipality public notice / press statement,Factual affected-area event compiled from the cited official municipal notice; not a synthetic observation.
257,E012,2024-05-27,2024,5,eThekwini Metropolitan Municipality,KwaZulu-Natal,South Africa,power_outage,0,eKuphileni,eKuphileni,1,Power Outage Interrupts Water Supply from South Coast Augmentation Pipeline to Amanzimtoti Water Treatment Works,https://www.durban.gov.za/press-statement/Power%2BOutage%2BInterrupts%2BWater%2BSupply%2Bfrom%2BSouth%2BCoast%2BAugmentation%2BPipeline%2Bto%2BAmanzimtoti%2BWater%2BTreatment%2BWorks,Official eThekwini Municipality public notice / press statement,Factual affected-area event compiled from the cited official municipal notice; not a synthetic observation.
258,E012,2024-05-27,2024,5,eThekwini Metropolitan Municipality,KwaZulu-Natal,South Africa,power_outage,0,Adams Mission,Adams Mission,1,Power Outage Interrupts Water Supply from South Coast Augmentation Pipeline to Amanzimtoti Water Treatment Works,https://www.durban.gov.za/press-statement/Power%2BOutage%2BInterrupts%2BWater%2BSupply%2Bfrom%2BSouth%2BCoast%2BAugmentation%2BPipeline%2Bto%2BAmanzimtoti%2BWater%2BTreatment%2BWorks,Official eThekwini Municipality public notice / press statement,Factual affected-area event compiled from the cited official municipal notice; not a synthetic observation.
259,E012,2024-05-27,2024,5,eThekwini Metropolitan Municipality,KwaZulu-Natal,South Africa,power_outage,0,Umnini,Umnini,1,Power Outage Interrupts Water Supply from South Coast Augmentation Pipeline to Amanzimtoti Water Treatment Works,https://www.durban.gov.za/press-statement/Power%2BOutage%2BInterrupts%2BWater%2BSupply%2Bfrom%2BSouth%2BCoast%2BAugmentation%2BPipeline%2Bto%2BAmanzimtoti%2BWater%2BTreatment%2BWorks,Official eThekwini Municipality public notice / press statement,Factual affected-area event compiled from the cited official municipal notice; not a synthetic observation.
260,E012,2024-05-27,2024,5,eThekwini Metropolitan Municipality,KwaZulu-Natal,South Africa,power_outage,0,Magabheni,Magabheni,1,Power Outage Interrupts Water Supply from South Coast Augmentation Pipeline to Amanzimtoti Water Treatment Works,https://www.durban.gov.za/press-statement/Power%2BOutage%2BInterrupts%2BWater%2BSupply%2Bfrom%2BSouth%2BCoast%2BAugmentation%2BPipeline%2Bto%2BAmanzimtoti%2BWater%2BTreatment%2BWorks,Official eThekwini Municipality public notice / press statement,Factual affected-area event compiled from the cited official municipal notice; not a synthetic observation.
261,E012,2024-05-27,2024,5,eThekwini Metropolitan Municipality,KwaZulu-Natal,South Africa,power_outage,0,Ehlanzeni,Ehlanzeni,1,Power Outage Interrupts Water Supply from South Coast Augmentation Pipeline to Amanzimtoti Water Treatment Works,https://www.durban.gov.za/press-statement/Power%2BOutage%2BInterrupts%2BWater%2BSupply%2Bfrom%2BSouth%2BCoast%2BAugmentation%2BPipeline%2Bto%2BAmanzimtoti%2BWater%2BTreatment%2BWorks,Official eThekwini Municipality public notice / press statement,Factual affected-area event compiled from the cited official municipal notice; not a synthetic observation.
262,E012,2024-05-27,2024,5,eThekwini Metropolitan Municipality,KwaZulu-Natal,South Africa,power_outage,0,Thoyane,Thoyane,1,Power Outage Interrupts Water Supply from South Coast Augmentation Pipeline to Amanzimtoti Water Treatment Works,https://www.durban.gov.za/press-statement/Power%2BOutage%2BInterrupts%2BWater%2BSupply%2Bfrom%2BSouth%2BCoast%2BAugmentation%2BPipeline%2Bto%2BAmanzimtoti%2BWater%2BTreatment%2BWorks,Official eThekwini Municipality public notice / press statement,Factual affected-area event compiled from the cited official municipal notice; not a synthetic observation.
263,E012,2024-05-27,2024,5,eThekwini Metropolitan Municipality,KwaZulu-Natal,South Africa,power_outage,0,Illovo Beach,Illovo Beach,1,Power Outage Interrupts Water Supply from South Coast Augmentation Pipeline to Amanzimtoti Water Treatment Works,https://www.durban.gov.za/press-statement/Power%2BOutage%2BInterrupts%2BWater%2BSupply%2Bfrom%2BSouth%2BCoast%2BAugmentation%2BPipeline%2Bto%2BAmanzimtoti%2BWater%2BTreatment%2BWorks,Official eThekwini Municipality public notice / press statement,Factual affected-area event compiled from the cited official municipal notice; not a synthetic observation.
264,E012,2024-05-27,2024,5,eThekwini Metropolitan Municipality,KwaZulu-Natal,South Africa,power_outage,0,Umkhomazi,Umkhomazi,1,Power Outage Interrupts Water Supply from South Coast Augmentation Pipeline to Amanzimtoti Water Treatment Works,https://www.durban.gov.za/press-statement/Power%2BOutage%2BInterrupts%2BWater%2BSupply%2Bfrom%2BSouth%2BCoast%2BAugmentation%2BPipeline%2Bto%2BAmanzimtoti%2BWater%2BTreatment%2BWorks,Official eThekwini Municipality public notice / press statement,Factual affected-area event compiled from the cited official municipal notice; not a synthetic observation.
265,E012,2024-05-27,2024,5,eThekwini Metropolitan Municipality,KwaZulu-Natal,South Africa,power_outage,0,Craigeburn,Craigeburn,1,Power Outage Interrupts Water Supply from South Coast Augmentation Pipeline to Amanzimtoti Water Treatment Works,https://www.durban.gov.za/press-statement/Power%2BOutage%2BInterrupts%2BWater%2BSupply%2Bfrom%2BSouth%2BCoast%2BAugmentation%2BPipeline%2Bto%2BAmanzimtoti%2BWater%2BTreatment%2BWorks,Official eThekwini Municipality public notice / press statement,Factual affected-area event compiled from the cited official municipal notice; not a synthetic observation.
266,E012,2024-05-27,2024,5,eThekwini Metropolitan Municipality,KwaZulu-Natal,South Africa,power_outage,0,Amahlongwa,Amahlongwa,1,Power Outage Interrupts Water Supply from South Coast Augmentation Pipeline to Amanzimtoti Water Treatment Works,https://www.durban.gov.za/press-statement/Power%2BOutage%2BInterrupts%2BWater%2BSupply%2Bfrom%2BSouth%2BCoast%2BAugmentation%2BPipeline%2Bto%2BAmanzimtoti%2BWater%2BTreatment%2BWorks,Official eThekwini Municipality public notice / press statement,Factual affected-area event compiled from the cited official municipal notice; not a synthetic observation.
267,E012,2024-05-27,2024,5,eThekwini Metropolitan Municipality,KwaZulu-Natal,South Africa,power_outage,0,Amalundi,Amalundi,1,Power Outage Interrupts Water Supply from South Coast Augmentation Pipeline to Amanzimtoti Water Treatment Works,https://www.durban.gov.za/press-statement/Power%2BOutage%2BInterrupts%2BWater%2BSupply%2Bfrom%2BSouth%2BCoast%2BAugmentation%2BPipeline%2Bto%2BAmanzimtoti%2BWater%2BTreatment%2BWorks,Official eThekwini Municipality public notice / press statement,Factual affected-area event compiled from the cited official municipal notice; not a synthetic observation.
268,E012,2024-05-27,2024,5,eThekwini Metropolitan Municipality,KwaZulu-Natal,South Africa,power_outage,0,Crowder Farm,Crowder Farm,1,Power Outage Interrupts Water Supply from South Coast Augmentation Pipeline to Amanzimtoti Water Treatment Works,https://www.durban.gov.za/press-statement/Power%2BOutage%2BInterrupts%2BWater%2BSupply%2Bfrom%2BSouth%2BCoast%2BAugmentation%2BPipeline%2Bto%2BAmanzimtoti%2BWater%2BTreatment%2BWorks,Official eThekwini Municipality public notice / press statement,Factual affected-area event compiled from the cited official municipal notice; not a synthetic observation.
269,E012,2024-05-27,2024,5,eThekwini Metropolitan Municipality,KwaZulu-Natal,South Africa,power_outage,0,Umlazi V,Umlazi V,1,Power Outage Interrupts Water Supply from South Coast Augmentation Pipeline to Amanzimtoti Water Treatment Works,https://www.durban.gov.za/press-statement/Power%2BOutage%2BInterrupts%2BWater%2BSupply%2Bfrom%2BSouth%2BCoast%2BAugmentation%2BPipeline%2Bto%2BAmanzimtoti%2BWater%2BTreatment%2BWorks,Official eThekwini Municipality public notice / press statement,Factual affected-area event compiled from the cited official municipal notice; not a synthetic observation.
270,E012,2024-05-27,2024,5,eThekwini Metropolitan Municipality,KwaZulu-Natal,South Africa,power_outage,0,Umlazi Mission A,Umlazi Mission A,1,Power Outage Interrupts Water Supply from South Coast Augmentation Pipeline to Amanzimtoti Water Treatment Works,https://www.durban.gov.za/press-statement/Power%2BOutage%2BInterrupts%2BWater%2BSupply%2Bfrom%2BSouth%2BCoast%2BAugmentation%2BPipeline%2Bto%2BAmanzimtoti%2BWater%2BTreatment%2BWorks,Official eThekwini Municipality public notice / press statement,Factual affected-area event compiled from the cited official municipal notice; not a synthetic observation.
271,E012,2024-05-27,2024,5,eThekwini Metropolitan Municipality,KwaZulu-Natal,South Africa,power_outage,0,Isiphingo Beach,Isiphingo Beach,1,Power Outage Interrupts Water Supply from South Coast Augmentation Pipeline to Amanzimtoti Water Treatment Works,https://www.durban.gov.za/press-statement/Power%2BOutage%2BInterrupts%2BWater%2BSupply%2Bfrom%2BSouth%2BCoast%2BAugmentation%2BPipeline%2Bto%2BAmanzimtoti%2BWater%2BTreatment%2BWorks,Official eThekwini Municipality public notice / press statement,Factual affected-area event compiled from the cited official municipal notice; not a synthetic observation.
272,E012,2024-05-27,2024,5,eThekwini Metropolitan Municipality,KwaZulu-Natal,South Africa,power_outage,0,Isiphingo Hills,Isiphingo Hills,1,Power Outage Interrupts Water Supply from South Coast Augmentation Pipeline to Amanzimtoti Water Treatment Works,https://www.durban.gov.za/press-statement/Power%2BOutage%2BInterrupts%2BWater%2BSupply%2Bfrom%2BSouth%2BCoast%2BAugmentation%2BPipeline%2Bto%2BAmanzimtoti%2BWater%2BTreatment%2BWorks,Official eThekwini Municipality public notice / press statement,Factual affected-area event compiled from the cited official municipal notice; not a synthetic observation.
273,E012,2024-05-27,2024,5,eThekwini Metropolitan Municipality,KwaZulu-Natal,South Africa,power_outage,0,Orient Hills,Orient Hills,1,Power Outage Interrupts Water Supply from South Coast Augmentation Pipeline to Amanzimtoti Water Treatment Works,https://www.durban.gov.za/press-statement/Power%2BOutage%2BInterrupts%2BWater%2BSupply%2Bfrom%2BSouth%2BCoast%2BAugmentation%2BPipeline%2Bto%2BAmanzimtoti%2BWater%2BTreatment%2BWorks,Official eThekwini Municipality public notice / press statement,Factual affected-area event compiled from the cited official municipal notice; not a synthetic observation.
274,E012,2024-05-27,2024,5,eThekwini Metropolitan Municipality,KwaZulu-Natal,South Africa,power_outage,0,Umlazi T,Umlazi T,1,Power Outage Interrupts Water Supply from South Coast Augmentation Pipeline to Amanzimtoti Water Treatment Works,https://www.durban.gov.za/press-statement/Power%2BOutage%2BInterrupts%2BWater%2BSupply%2Bfrom%2BSouth%2BCoast%2BAugmentation%2BPipeline%2Bto%2BAmanzimtoti%2BWater%2BTreatment%2BWorks,Official eThekwini Municipality public notice / press statement,Factual affected-area event compiled from the cited official municipal notice; not a synthetic observation.
275,E012,2024-05-27,2024,5,eThekwini Metropolitan Municipality,KwaZulu-Natal,South Africa,power_outage,0,Malukazi,Malukazi,1,Power Outage Interrupts Water Supply from South Coast Augmentation Pipeline to Amanzimtoti Water Treatment Works,https://www.durban.gov.za/press-statement/Power%2BOutage%2BInterrupts%2BWater%2BSupply%2Bfrom%2BSouth%2BCoast%2BAugmentation%2BPipeline%2Bto%2BAmanzimtoti%2BWater%2BTreatment%2BWorks,Official eThekwini Municipality public notice / press statement,Factual affected-area event compiled from the cited official municipal notice; not a synthetic observation.
276,E012,2024-05-27,2024,5,eThekwini Metropolitan Municipality,KwaZulu-Natal,South Africa,power_outage,0,Umlazi U,Umlazi U,1,Power Outage Interrupts Water Supply from South Coast Augmentation Pipeline to Amanzimtoti Water Treatment Works,https://www.durban.gov.za/press-statement/Power%2BOutage%2BInterrupts%2BWater%2BSupply%2Bfrom%2BSouth%2BCoast%2BAugmentation%2BPipeline%2Bto%2BAmanzimtoti%2BWater%2BTreatment%2BWorks,Official eThekwini Municipality public notice / press statement,Factual affected-area event compiled from the cited official municipal notice; not a synthetic observation.
277,E012,2024-05-27,2024,5,eThekwini Metropolitan Municipality,KwaZulu-Natal,South Africa,power_outage,0,Umlazi Y,Umlazi Y,1,Power Outage Interrupts Water Supply from South Coast Augmentation Pipeline to Amanzimtoti Water Treatment Works,https://www.durban.gov.za/press-statement/Power%2BOutage%2BInterrupts%2BWater%2BSupply%2Bfrom%2BSouth%2BCoast%2BAugmentation%2BPipeline%2Bto%2BAmanzimtoti%2BWater%2BTreatment%2BWorks,Official eThekwini Municipality public notice / press statement,Factual affected-area event compiled from the cited official municipal notice; not a synthetic observation.
278,E013,2024-06-06,2024,6,eThekwini Metropolitan Municipality,KwaZulu-Natal,South Africa,pipeline_failure,0,Bayview,Bayview,1,Water Restriction Due to Emergency Repairs on A Section of The Southern Aqueduct Pipeline,https://www.durban.gov.za/press-statement/Water%2BRestriction%2BDue%2Bto%2BEmergency%2BRepairs%2Bon%2BA%2BSection%2Bof%2BThe%2BSouthern%2BAqueduct%2BPipeline,Official eThekwini Municipality public notice / press statement,Factual affected-area event compiled from the cited official municipal notice; not a synthetic observation.
279,E013,2024-06-06,2024,6,eThekwini Metropolitan Municipality,KwaZulu-Natal,South Africa,pipeline_failure,0,Bulbul,Bulbul,1,Water Restriction Due to Emergency Repairs on A Section of The Southern Aqueduct Pipeline,https://www.durban.gov.za/press-statement/Water%2BRestriction%2BDue%2Bto%2BEmergency%2BRepairs%2Bon%2BA%2BSection%2Bof%2BThe%2BSouthern%2BAqueduct%2BPipeline,Official eThekwini Municipality public notice / press statement,Factual affected-area event compiled from the cited official municipal notice; not a synthetic observation.
280,E013,2024-06-06,2024,6,eThekwini Metropolitan Municipality,KwaZulu-Natal,South Africa,pipeline_failure,0,Croftdene,Croftdene,1,Water Restriction Due to Emergency Repairs on A Section of The Southern Aqueduct Pipeline,https://www.durban.gov.za/press-statement/Water%2BRestriction%2BDue%2Bto%2BEmergency%2BRepairs%2Bon%2BA%2BSection%2Bof%2BThe%2BSouthern%2BAqueduct%2BPipeline,Official eThekwini Municipality public notice / press statement,Factual affected-area event compiled from the cited official municipal notice; not a synthetic observation.
281,E013,2024-06-06,2024,6,eThekwini Metropolitan Municipality,KwaZulu-Natal,South Africa,pipeline_failure,0,Havenside,Havenside,1,Water Restriction Due to Emergency Repairs on A Section of The Southern Aqueduct Pipeline,https://www.durban.gov.za/press-statement/Water%2BRestriction%2BDue%2Bto%2BEmergency%2BRepairs%2Bon%2BA%2BSection%2Bof%2BThe%2BSouthern%2BAqueduct%2BPipeline,Official eThekwini Municipality public notice / press statement,Factual affected-area event compiled from the cited official municipal notice; not a synthetic observation.
282,E013,2024-06-06,2024,6,eThekwini Metropolitan Municipality,KwaZulu-Natal,South Africa,pipeline_failure,0,Kharwastan,Kharwastan,1,Water Restriction Due to Emergency Repairs on A Section of The Southern Aqueduct Pipeline,https://www.durban.gov.za/press-statement/Water%2BRestriction%2BDue%2Bto%2BEmergency%2BRepairs%2Bon%2BA%2BSection%2Bof%2BThe%2BSouthern%2BAqueduct%2BPipeline,Official eThekwini Municipality public notice / press statement,Factual affected-area event compiled from the cited official municipal notice; not a synthetic observation.
283,E013,2024-06-06,2024,6,eThekwini Metropolitan Municipality,KwaZulu-Natal,South Africa,pipeline_failure,0,Silverglen,Silverglen,1,Water Restriction Due to Emergency Repairs on A Section of The Southern Aqueduct Pipeline,https://www.durban.gov.za/press-statement/Water%2BRestriction%2BDue%2Bto%2BEmergency%2BRepairs%2Bon%2BA%2BSection%2Bof%2BThe%2BSouthern%2BAqueduct%2BPipeline,Official eThekwini Municipality public notice / press statement,Factual affected-area event compiled from the cited official municipal notice; not a synthetic observation.
284,E013,2024-06-06,2024,6,eThekwini Metropolitan Municipality,KwaZulu-Natal,South Africa,pipeline_failure,0,Umhlatuzana,Umhlatuzana,1,Water Restriction Due to Emergency Repairs on A Section of The Southern Aqueduct Pipeline,https://www.durban.gov.za/press-statement/Water%2BRestriction%2BDue%2Bto%2BEmergency%2BRepairs%2Bon%2BA%2BSection%2Bof%2BThe%2BSouthern%2BAqueduct%2BPipeline,Official eThekwini Municipality public notice / press statement,Factual affected-area event compiled from the cited official municipal notice; not a synthetic observation.
285,E013,2024-06-06,2024,6,eThekwini Metropolitan Municipality,KwaZulu-Natal,South Africa,pipeline_failure,0,Westcliff,Westcliff,1,Water Restriction Due to Emergency Repairs on A Section of The Southern Aqueduct Pipeline,https://www.durban.gov.za/press-statement/Water%2BRestriction%2BDue%2Bto%2BEmergency%2BRepairs%2Bon%2BA%2BSection%2Bof%2BThe%2BSouthern%2BAqueduct%2BPipeline,Official eThekwini Municipality public notice / press statement,Factual affected-area event compiled from the cited official municipal notice; not a synthetic observation.
286,E013,2024-06-06,2024,6,eThekwini Metropolitan Municipality,KwaZulu-Natal,South Africa,pipeline_failure,0,Woodhurst,Woodhurst,1,Water Restriction Due to Emergency Repairs on A Section of The Southern Aqueduct Pipeline,https://www.durban.gov.za/press-statement/Water%2BRestriction%2BDue%2Bto%2BEmergency%2BRepairs%2Bon%2BA%2BSection%2Bof%2BThe%2BSouthern%2BAqueduct%2BPipeline,Official eThekwini Municipality public notice / press statement,Factual affected-area event compiled from the cited official municipal notice; not a synthetic observation.
287,E013,2024-06-06,2024,6,eThekwini Metropolitan Municipality,KwaZulu-Natal,South Africa,pipeline_failure,0,Chatsworth Town Centre,Chatsworth Town Centre,1,Water Restriction Due to Emergency Repairs on A Section of The Southern Aqueduct Pipeline,https://www.durban.gov.za/press-statement/Water%2BRestriction%2BDue%2Bto%2BEmergency%2BRepairs%2Bon%2BA%2BSection%2Bof%2BThe%2BSouthern%2BAqueduct%2BPipeline,Official eThekwini Municipality public notice / press statement,Factual affected-area event compiled from the cited official municipal notice; not a synthetic observation.
288,E014,2024-06-14,2024,6,eThekwini Metropolitan Municipality,KwaZulu-Natal,South Africa,power_outage,0,Buffels Bosch,Buffels Bosch,1,City Working to Resolve Power Outage Affecting Water Supply At The Northdene 3 Pumpstation,https://www.durban.gov.za/press-statement/City%2BWorking%2Bto%2BResolve%2BPower%2BOutage%2BAffecting%2BWater%2BSupply%2BAt%2BThe%2BNorthdene%2B3%2BPumpstation,Official eThekwini Municipality public notice / press statement,Factual affected-area event compiled from the cited official municipal notice; not a synthetic observation.
289,E014,2024-06-14,2024,6,eThekwini Metropolitan Municipality,KwaZulu-Natal,South Africa,power_outage,0,Burlington Heights,Burlington Heights,1,City Working to Resolve Power Outage Affecting Water Supply At The Northdene 3 Pumpstation,https://www.durban.gov.za/press-statement/City%2BWorking%2Bto%2BResolve%2BPower%2BOutage%2BAffecting%2BWater%2BSupply%2BAt%2BThe%2BNorthdene%2B3%2BPumpstation,Official eThekwini Municipality public notice / press statement,Factual affected-area event compiled from the cited official municipal notice; not a synthetic observation.
290,E014,2024-06-14,2024,6,eThekwini Metropolitan Municipality,KwaZulu-Natal,South Africa,power_outage,0,Savannah Park,Savannah Park,1,City Working to Resolve Power Outage Affecting Water Supply At The Northdene 3 Pumpstation,https://www.durban.gov.za/press-statement/City%2BWorking%2Bto%2BResolve%2BPower%2BOutage%2BAffecting%2BWater%2BSupply%2BAt%2BThe%2BNorthdene%2B3%2BPumpstation,Official eThekwini Municipality public notice / press statement,Factual affected-area event compiled from the cited official municipal notice; not a synthetic observation.
291,E014,2024-06-14,2024,6,eThekwini Metropolitan Municipality,KwaZulu-Natal,South Africa,power_outage,0,Shallcross,Shallcross,1,City Working to Resolve Power Outage Affecting Water Supply At The Northdene 3 Pumpstation,https://www.durban.gov.za/press-statement/City%2BWorking%2Bto%2BResolve%2BPower%2BOutage%2BAffecting%2BWater%2BSupply%2BAt%2BThe%2BNorthdene%2B3%2BPumpstation,Official eThekwini Municipality public notice / press statement,Factual affected-area event compiled from the cited official municipal notice; not a synthetic observation.
292,E014,2024-06-14,2024,6,eThekwini Metropolitan Municipality,KwaZulu-Natal,South Africa,power_outage,0,Crossmoor,Crossmoor,1,City Working to Resolve Power Outage Affecting Water Supply At The Northdene 3 Pumpstation,https://www.durban.gov.za/press-statement/City%2BWorking%2Bto%2BResolve%2BPower%2BOutage%2BAffecting%2BWater%2BSupply%2BAt%2BThe%2BNorthdene%2B3%2BPumpstation,Official eThekwini Municipality public notice / press statement,Factual affected-area event compiled from the cited official municipal notice; not a synthetic observation.
293,E014,2024-06-14,2024,6,eThekwini Metropolitan Municipality,KwaZulu-Natal,South Africa,power_outage,0,Klaarwater,Klaarwater,1,City Working to Resolve Power Outage Affecting Water Supply At The Northdene 3 Pumpstation,https://www.durban.gov.za/press-statement/City%2BWorking%2Bto%2BResolve%2BPower%2BOutage%2BAffecting%2BWater%2BSupply%2BAt%2BThe%2BNorthdene%2B3%2BPumpstation,Official eThekwini Municipality public notice / press statement,Factual affected-area event compiled from the cited official municipal notice; not a synthetic observation.
294,E014,2024-06-14,2024,6,eThekwini Metropolitan Municipality,KwaZulu-Natal,South Africa,power_outage,0,St Wendolins Ridge,St Wendolins Ridge,1,City Working to Resolve Power Outage Affecting Water Supply At The Northdene 3 Pumpstation,https://www.durban.gov.za/press-statement/City%2BWorking%2Bto%2BResolve%2BPower%2BOutage%2BAffecting%2BWater%2BSupply%2BAt%2BThe%2BNorthdene%2B3%2BPumpstation,Official eThekwini Municipality public notice / press statement,Factual affected-area event compiled from the cited official municipal notice; not a synthetic observation.
295,E015,2024-07-24,2024,7,eThekwini Metropolitan Municipality,KwaZulu-Natal,South Africa,vandalism,0,Raj Kumar's Farm,Raj Kumar's Farm,1,Water Restriction at Othongathi Water Treatment Works Due To Vandalism,https://www.durban.gov.za/press-statement/Water%2BRestriction%2Bat%2BOthongathi%2BWater%2BTreatment%2BWorks%2BDue%2BTo%2BVandalism,Official eThekwini Municipality public notice / press statement,Factual affected-area event compiled from the cited official municipal notice; not a synthetic observation.
296,E015,2024-07-24,2024,7,eThekwini Metropolitan Municipality,KwaZulu-Natal,South Africa,vandalism,0,Belvedere Area,Belvedere Area,1,Water Restriction at Othongathi Water Treatment Works Due To Vandalism,https://www.durban.gov.za/press-statement/Water%2BRestriction%2Bat%2BOthongathi%2BWater%2BTreatment%2BWorks%2BDue%2BTo%2BVandalism,Official eThekwini Municipality public notice / press statement,Factual affected-area event compiled from the cited official municipal notice; not a synthetic observation.
297,E015,2024-07-24,2024,7,eThekwini Metropolitan Municipality,KwaZulu-Natal,South Africa,vandalism,0,Flamingo Heights,Flamingo Heights,1,Water Restriction at Othongathi Water Treatment Works Due To Vandalism,https://www.durban.gov.za/press-statement/Water%2BRestriction%2Bat%2BOthongathi%2BWater%2BTreatment%2BWorks%2BDue%2BTo%2BVandalism,Official eThekwini Municipality public notice / press statement,Factual affected-area event compiled from the cited official municipal notice; not a synthetic observation.
298,E015,2024-07-24,2024,7,eThekwini Metropolitan Municipality,KwaZulu-Natal,South Africa,vandalism,0,Wastonia,Wastonia,1,Water Restriction at Othongathi Water Treatment Works Due To Vandalism,https://www.durban.gov.za/press-statement/Water%2BRestriction%2Bat%2BOthongathi%2BWater%2BTreatment%2BWorks%2BDue%2BTo%2BVandalism,Official eThekwini Municipality public notice / press statement,Factual affected-area event compiled from the cited official municipal notice; not a synthetic observation.
299,E015,2024-07-24,2024,7,eThekwini Metropolitan Municipality,KwaZulu-Natal,South Africa,vandalism,0,Belgate Township,Belgate Township,1,Water Restriction at Othongathi Water Treatment Works Due To Vandalism,https://www.durban.gov.za/press-statement/Water%2BRestriction%2Bat%2BOthongathi%2BWater%2BTreatment%2BWorks%2BDue%2BTo%2BVandalism,Official eThekwini Municipality public notice / press statement,Factual affected-area event compiled from the cited official municipal notice; not a synthetic observation.
300,E015,2024-07-24,2024,7,eThekwini Metropolitan Municipality,KwaZulu-Natal,South Africa,vandalism,0,Gwalas Farm,Gwalas Farm,1,Water Restriction at Othongathi Water Treatment Works Due To Vandalism,https://www.durban.gov.za/press-statement/Water%2BRestriction%2Bat%2BOthongathi%2BWater%2BTreatment%2BWorks%2BDue%2BTo%2BVandalism,Official eThekwini Municipality public notice / press statement,Factual affected-area event compiled from the cited official municipal notice; not a synthetic observation.
301,E015,2024-07-24,2024,7,eThekwini Metropolitan Municipality,KwaZulu-Natal,South Africa,vandalism,0,Watsonia,Watsonia,1,Water Restriction at Othongathi Water Treatment Works Due To Vandalism,https://www.durban.gov.za/press-statement/Water%2BRestriction%2Bat%2BOthongathi%2BWater%2BTreatment%2BWorks%2BDue%2BTo%2BVandalism,Official eThekwini Municipality public notice / press statement,Factual affected-area event compiled from the cited official municipal notice; not a synthetic observation.
302,E015,2024-07-24,2024,7,eThekwini Metropolitan Municipality,KwaZulu-Natal,South Africa,vandalism,0,Buffelsdale,Buffelsdale,1,Water Restriction at Othongathi Water Treatment Works Due To Vandalism,https://www.durban.gov.za/press-statement/Water%2BRestriction%2Bat%2BOthongathi%2BWater%2BTreatment%2BWorks%2BDue%2BTo%2BVandalism,Official eThekwini Municipality public notice / press statement,Factual affected-area event compiled from the cited official municipal notice; not a synthetic observation.
303,E015,2024-07-24,2024,7,eThekwini Metropolitan Municipality,KwaZulu-Natal,South Africa,vandalism,0,Mithanager,Mithanager,1,Water Restriction at Othongathi Water Treatment Works Due To Vandalism,https://www.durban.gov.za/press-statement/Water%2BRestriction%2Bat%2BOthongathi%2BWater%2BTreatment%2BWorks%2BDue%2BTo%2BVandalism,Official eThekwini Municipality public notice / press statement,Factual affected-area event compiled from the cited official municipal notice; not a synthetic observation.
304,E015,2024-07-24,2024,7,eThekwini Metropolitan Municipality,KwaZulu-Natal,South Africa,vandalism,0,Trurolands,Trurolands,1,Water Restriction at Othongathi Water Treatment Works Due To Vandalism,https://www.durban.gov.za/press-statement/Water%2BRestriction%2Bat%2BOthongathi%2BWater%2BTreatment%2BWorks%2BDue%2BTo%2BVandalism,Official eThekwini Municipality public notice / press statement,Factual affected-area event compiled from the cited official municipal notice; not a synthetic observation.
305,E015,2024-07-24,2024,7,eThekwini Metropolitan Municipality,KwaZulu-Natal,South Africa,vandalism,0,Ghandinagar,Ghandinagar,1,Water Restriction at Othongathi Water Treatment Works Due To Vandalism,https://www.durban.gov.za/press-statement/Water%2BRestriction%2Bat%2BOthongathi%2BWater%2BTreatment%2BWorks%2BDue%2BTo%2BVandalism,Official eThekwini Municipality public notice / press statement,Factual affected-area event compiled from the cited official municipal notice; not a synthetic observation.
306,E015,2024-07-24,2024,7,eThekwini Metropolitan Municipality,KwaZulu-Natal,South Africa,vandalism,0,Chelmsford Heights,Chelmsford Heights,1,Water Restriction at Othongathi Water Treatment Works Due To Vandalism,https://www.durban.gov.za/press-statement/Water%2BRestriction%2Bat%2BOthongathi%2BWater%2BTreatment%2BWorks%2BDue%2BTo%2BVandalism,Official eThekwini Municipality public notice / press statement,Factual affected-area event compiled from the cited official municipal notice; not a synthetic observation.
307,E015,2024-07-24,2024,7,eThekwini Metropolitan Municipality,KwaZulu-Natal,South Africa,vandalism,0,Tongaat CBD,Tongaat CBD,1,Water Restriction at Othongathi Water Treatment Works Due To Vandalism,https://www.durban.gov.za/press-statement/Water%2BRestriction%2Bat%2BOthongathi%2BWater%2BTreatment%2BWorks%2BDue%2BTo%2BVandalism,Official eThekwini Municipality public notice / press statement,Factual affected-area event compiled from the cited official municipal notice; not a synthetic observation.
308,E015,2024-07-24,2024,7,eThekwini Metropolitan Municipality,KwaZulu-Natal,South Africa,vandalism,0,Metcalf,Metcalf,1,Water Restriction at Othongathi Water Treatment Works Due To Vandalism,https://www.durban.gov.za/press-statement/Water%2BRestriction%2Bat%2BOthongathi%2BWater%2BTreatment%2BWorks%2BDue%2BTo%2BVandalism,Official eThekwini Municipality public notice / press statement,Factual affected-area event compiled from the cited official municipal notice; not a synthetic observation.
309,E015,2024-07-24,2024,7,eThekwini Metropolitan Municipality,KwaZulu-Natal,South Africa,vandalism,0,Ghandi Hill,Ghandi Hill,1,Water Restriction at Othongathi Water Treatment Works Due To Vandalism,https://www.durban.gov.za/press-statement/Water%2BRestriction%2Bat%2BOthongathi%2BWater%2BTreatment%2BWorks%2BDue%2BTo%2BVandalism,Official eThekwini Municipality public notice / press statement,Factual affected-area event compiled from the cited official municipal notice; not a synthetic observation.
310,E015,2024-07-24,2024,7,eThekwini Metropolitan Municipality,KwaZulu-Natal,South Africa,vandalism,0,Tongaat Central,Tongaat Central,1,Water Restriction at Othongathi Water Treatment Works Due To Vandalism,https://www.durban.gov.za/press-statement/Water%2BRestriction%2Bat%2BOthongathi%2BWater%2BTreatment%2BWorks%2BDue%2BTo%2BVandalism,Official eThekwini Municipality public notice / press statement,Factual affected-area event compiled from the cited official municipal notice; not a synthetic observation.
311,E015,2024-07-24,2024,7,eThekwini Metropolitan Municipality,KwaZulu-Natal,South Africa,vandalism,0,Plein Street,Plein Street,1,Water Restriction at Othongathi Water Treatment Works Due To Vandalism,https://www.durban.gov.za/press-statement/Water%2BRestriction%2Bat%2BOthongathi%2BWater%2BTreatment%2BWorks%2BDue%2BTo%2BVandalism,Official eThekwini Municipality public notice / press statement,Factual affected-area event compiled from the cited official municipal notice; not a synthetic observation.
312,E015,2024-07-24,2024,7,eThekwini Metropolitan Municipality,KwaZulu-Natal,South Africa,vandalism,0,Watson Highway,Watson Highway,1,Water Restriction at Othongathi Water Treatment Works Due To Vandalism,https://www.durban.gov.za/press-statement/Water%2BRestriction%2Bat%2BOthongathi%2BWater%2BTreatment%2BWorks%2BDue%2BTo%2BVandalism,Official eThekwini Municipality public notice / press statement,Factual affected-area event compiled from the cited official municipal notice; not a synthetic observation.
313,E015,2024-07-24,2024,7,eThekwini Metropolitan Municipality,KwaZulu-Natal,South Africa,vandalism,0,Brake Village,Brake Village,1,Water Restriction at Othongathi Water Treatment Works Due To Vandalism,https://www.durban.gov.za/press-statement/Water%2BRestriction%2Bat%2BOthongathi%2BWater%2BTreatment%2BWorks%2BDue%2BTo%2BVandalism,Official eThekwini Municipality public notice / press statement,Factual affected-area event compiled from the cited official municipal notice; not a synthetic observation.
314,E016,2024-08-25,2024,8,eThekwini Metropolitan Municipality,KwaZulu-Natal,South Africa,reduced_bulk_supply,0,Parts of Phoenix,Phoenix,1,Water Supply Disruption In The Northern Areas,https://www.durban.gov.za/press-statement/Water%2BSupply%2BDisruption%2BIn%2BThe%2BNorthern%2BAreas,Official eThekwini Municipality public notice / press statement,Factual affected-area event compiled from the cited official municipal notice; not a synthetic observation.
315,E016,2024-08-25,2024,8,eThekwini Metropolitan Municipality,KwaZulu-Natal,South Africa,reduced_bulk_supply,0,Ntuzuma,Ntuzuma,1,Water Supply Disruption In The Northern Areas,https://www.durban.gov.za/press-statement/Water%2BSupply%2BDisruption%2BIn%2BThe%2BNorthern%2BAreas,Official eThekwini Municipality public notice / press statement,Factual affected-area event compiled from the cited official municipal notice; not a synthetic observation.
316,E016,2024-08-25,2024,8,eThekwini Metropolitan Municipality,KwaZulu-Natal,South Africa,reduced_bulk_supply,0,Parts of KwaMashu,KwaMashu,1,Water Supply Disruption In The Northern Areas,https://www.durban.gov.za/press-statement/Water%2BSupply%2BDisruption%2BIn%2BThe%2BNorthern%2BAreas,Official eThekwini Municipality public notice / press statement,Factual affected-area event compiled from the cited official municipal notice; not a synthetic observation.
317,E016,2024-08-25,2024,8,eThekwini Metropolitan Municipality,KwaZulu-Natal,South Africa,reduced_bulk_supply,0,Cornubia,Cornubia,1,Water Supply Disruption In The Northern Areas,https://www.durban.gov.za/press-statement/Water%2BSupply%2BDisruption%2BIn%2BThe%2BNorthern%2BAreas,Official eThekwini Municipality public notice / press statement,Factual affected-area event compiled from the cited official municipal notice; not a synthetic observation.
318,E016,2024-08-25,2024,8,eThekwini Metropolitan Municipality,KwaZulu-Natal,South Africa,reduced_bulk_supply,0,Mountview,Mountview,1,Water Supply Disruption In The Northern Areas,https://www.durban.gov.za/press-statement/Water%2BSupply%2BDisruption%2BIn%2BThe%2BNorthern%2BAreas,Official eThekwini Municipality public notice / press statement,Factual affected-area event compiled from the cited official municipal notice; not a synthetic observation.
319,E016,2024-08-25,2024,8,eThekwini Metropolitan Municipality,KwaZulu-Natal,South Africa,reduced_bulk_supply,0,Parts of Durban North,Durban North,1,Water Supply Disruption In The Northern Areas,https://www.durban.gov.za/press-statement/Water%2BSupply%2BDisruption%2BIn%2BThe%2BNorthern%2BAreas,Official eThekwini Municipality public notice / press statement,Factual affected-area event compiled from the cited official municipal notice; not a synthetic observation.
320,E016,2024-08-25,2024,8,eThekwini Metropolitan Municipality,KwaZulu-Natal,South Africa,reduced_bulk_supply,0,Virginia,Virginia,1,Water Supply Disruption In The Northern Areas,https://www.durban.gov.za/press-statement/Water%2BSupply%2BDisruption%2BIn%2BThe%2BNorthern%2BAreas,Official eThekwini Municipality public notice / press statement,Factual affected-area event compiled from the cited official municipal notice; not a synthetic observation.
321,E017,2024-10-01,2024,10,eThekwini Metropolitan Municipality,KwaZulu-Natal,South Africa,planned_maintenance,1,Isipingo Beach,Isipingo Beach,1,Planned interruption of water supply in the central and southern regions,https://www.durban.gov.za/press-statement/Planned%2Binterruption%2Bof%2Bwater%2Bsupply%2Bin%2Bthe%2Bcentral%2Band%2Bsouthern%2Bregions,Official eThekwini Municipality public notice / press statement,Factual affected-area event compiled from the cited official municipal notice; not a synthetic observation.
322,E017,2024-10-01,2024,10,eThekwini Metropolitan Municipality,KwaZulu-Natal,South Africa,planned_maintenance,1,Isipingo Hills,Isipingo Hills,1,Planned interruption of water supply in the central and southern regions,https://www.durban.gov.za/press-statement/Planned%2Binterruption%2Bof%2Bwater%2Bsupply%2Bin%2Bthe%2Bcentral%2Band%2Bsouthern%2Bregions,Official eThekwini Municipality public notice / press statement,Factual affected-area event compiled from the cited official municipal notice; not a synthetic observation.
323,E017,2024-10-01,2024,10,eThekwini Metropolitan Municipality,KwaZulu-Natal,South Africa,planned_maintenance,1,Isipingo Rail,Isipingo Rail,1,Planned interruption of water supply in the central and southern regions,https://www.durban.gov.za/press-statement/Planned%2Binterruption%2Bof%2Bwater%2Bsupply%2Bin%2Bthe%2Bcentral%2Band%2Bsouthern%2Bregions,Official eThekwini Municipality public notice / press statement,Factual affected-area event compiled from the cited official municipal notice; not a synthetic observation.
324,E017,2024-10-01,2024,10,eThekwini Metropolitan Municipality,KwaZulu-Natal,South Africa,planned_maintenance,1,Orient Hills,Orient Hills,1,Planned interruption of water supply in the central and southern regions,https://www.durban.gov.za/press-statement/Planned%2Binterruption%2Bof%2Bwater%2Bsupply%2Bin%2Bthe%2Bcentral%2Band%2Bsouthern%2Bregions,Official eThekwini Municipality public notice / press statement,Factual affected-area event compiled from the cited official municipal notice; not a synthetic observation.
325,E017,2024-10-01,2024,10,eThekwini Metropolitan Municipality,KwaZulu-Natal,South Africa,planned_maintenance,1,Prospecton Industrial,Prospecton Industrial,1,Planned interruption of water supply in the central and southern regions,https://www.durban.gov.za/press-statement/Planned%2Binterruption%2Bof%2Bwater%2Bsupply%2Bin%2Bthe%2Bcentral%2Band%2Bsouthern%2Bregions,Official eThekwini Municipality public notice / press statement,Factual affected-area event compiled from the cited official municipal notice; not a synthetic observation.
326,E017,2024-10-01,2024,10,eThekwini Metropolitan Municipality,KwaZulu-Natal,South Africa,planned_maintenance,1,Umlazi T,Umlazi T,1,Planned interruption of water supply in the central and southern regions,https://www.durban.gov.za/press-statement/Planned%2Binterruption%2Bof%2Bwater%2Bsupply%2Bin%2Bthe%2Bcentral%2Band%2Bsouthern%2Bregions,Official eThekwini Municipality public notice / press statement,Factual affected-area event compiled from the cited official municipal notice; not a synthetic observation.
327,E017,2024-10-01,2024,10,eThekwini Metropolitan Municipality,KwaZulu-Natal,South Africa,planned_maintenance,1,Malaba Hills,Malaba Hills,1,Planned interruption of water supply in the central and southern regions,https://www.durban.gov.za/press-statement/Planned%2Binterruption%2Bof%2Bwater%2Bsupply%2Bin%2Bthe%2Bcentral%2Band%2Bsouthern%2Bregions,Official eThekwini Municipality public notice / press statement,Factual affected-area event compiled from the cited official municipal notice; not a synthetic observation.
328,E017,2024-10-01,2024,10,eThekwini Metropolitan Municipality,KwaZulu-Natal,South Africa,planned_maintenance,1,Reunion,Reunion,1,Planned interruption of water supply in the central and southern regions,https://www.durban.gov.za/press-statement/Planned%2Binterruption%2Bof%2Bwater%2Bsupply%2Bin%2Bthe%2Bcentral%2Band%2Bsouthern%2Bregions,Official eThekwini Municipality public notice / press statement,Factual affected-area event compiled from the cited official municipal notice; not a synthetic observation.
329,E017,2024-10-01,2024,10,eThekwini Metropolitan Municipality,KwaZulu-Natal,South Africa,planned_maintenance,1,Umlazi V,Umlazi V,1,Planned interruption of water supply in the central and southern regions,https://www.durban.gov.za/press-statement/Planned%2Binterruption%2Bof%2Bwater%2Bsupply%2Bin%2Bthe%2Bcentral%2Band%2Bsouthern%2Bregions,Official eThekwini Municipality public notice / press statement,Factual affected-area event compiled from the cited official municipal notice; not a synthetic observation.
330,E017,2024-10-01,2024,10,eThekwini Metropolitan Municipality,KwaZulu-Natal,South Africa,planned_maintenance,1,Umlazi Mission A,Umlazi Mission A,1,Planned interruption of water supply in the central and southern regions,https://www.durban.gov.za/press-statement/Planned%2Binterruption%2Bof%2Bwater%2Bsupply%2Bin%2Bthe%2Bcentral%2Band%2Bsouthern%2Bregions,Official eThekwini Municipality public notice / press statement,Factual affected-area event compiled from the cited official municipal notice; not a synthetic observation.
331,E017,2024-10-01,2024,10,eThekwini Metropolitan Municipality,KwaZulu-Natal,South Africa,planned_maintenance,1,Ezimbokodweni,Ezimbokodweni,1,Planned interruption of water supply in the central and southern regions,https://www.durban.gov.za/press-statement/Planned%2Binterruption%2Bof%2Bwater%2Bsupply%2Bin%2Bthe%2Bcentral%2Band%2Bsouthern%2Bregions,Official eThekwini Municipality public notice / press statement,Factual affected-area event compiled from the cited official municipal notice; not a synthetic observation.
332,E017,2024-10-01,2024,10,eThekwini Metropolitan Municipality,KwaZulu-Natal,South Africa,planned_maintenance,1,Lotus Park,Lotus Park,1,Planned interruption of water supply in the central and southern regions,https://www.durban.gov.za/press-statement/Planned%2Binterruption%2Bof%2Bwater%2Bsupply%2Bin%2Bthe%2Bcentral%2Band%2Bsouthern%2Bregions,Official eThekwini Municipality public notice / press statement,Factual affected-area event compiled from the cited official municipal notice; not a synthetic observation.
333,E017,2024-10-01,2024,10,eThekwini Metropolitan Municipality,KwaZulu-Natal,South Africa,planned_maintenance,1,Malagazi,Malagazi,1,Planned interruption of water supply in the central and southern regions,https://www.durban.gov.za/press-statement/Planned%2Binterruption%2Bof%2Bwater%2Bsupply%2Bin%2Bthe%2Bcentral%2Band%2Bsouthern%2Bregions,Official eThekwini Municipality public notice / press statement,Factual affected-area event compiled from the cited official municipal notice; not a synthetic observation.
334,E017,2024-10-01,2024,10,eThekwini Metropolitan Municipality,KwaZulu-Natal,South Africa,planned_maintenance,1,Malukazi,Malukazi,1,Planned interruption of water supply in the central and southern regions,https://www.durban.gov.za/press-statement/Planned%2Binterruption%2Bof%2Bwater%2Bsupply%2Bin%2Bthe%2Bcentral%2Band%2Bsouthern%2Bregions,Official eThekwini Municipality public notice / press statement,Factual affected-area event compiled from the cited official municipal notice; not a synthetic observation.
335,E018,2024-10-22,2024,10,eThekwini Metropolitan Municipality,KwaZulu-Natal,South Africa,pumpstation_failure,0,Inteke,Inteke,1,Interruption Of Water Supply at Washington Heights And Intake Road Reservoirs,https://www.durban.gov.za/press-statement/Interruption%2BOf%2BWater%2BSupply%2Bat%2Bwashington%2Bheights%2Band%2Bintake%2Broad%2Breservoirs,Official eThekwini Municipality public notice / press statement,Factual affected-area event compiled from the cited official municipal notice; not a synthetic observation.
336,E018,2024-10-22,2024,10,eThekwini Metropolitan Municipality,KwaZulu-Natal,South Africa,pumpstation_failure,0,Intake Emasayithini,Intake Emasayithini,1,Interruption Of Water Supply at Washington Heights And Intake Road Reservoirs,https://www.durban.gov.za/press-statement/Interruption%2BOf%2BWater%2BSupply%2Bat%2Bwashington%2Bheights%2Band%2Bintake%2Broad%2Breservoirs,Official eThekwini Municipality public notice / press statement,Factual affected-area event compiled from the cited official municipal notice; not a synthetic observation.
337,E018,2024-10-22,2024,10,eThekwini Metropolitan Municipality,KwaZulu-Natal,South Africa,pumpstation_failure,0,Demat,Demat,1,Interruption Of Water Supply at Washington Heights And Intake Road Reservoirs,https://www.durban.gov.za/press-statement/Interruption%2BOf%2BWater%2BSupply%2Bat%2Bwashington%2Bheights%2Band%2Bintake%2Broad%2Breservoirs,Official eThekwini Municipality public notice / press statement,Factual affected-area event compiled from the cited official municipal notice; not a synthetic observation.
338,E018,2024-10-22,2024,10,eThekwini Metropolitan Municipality,KwaZulu-Natal,South Africa,pumpstation_failure,0,Welbedacht West,Welbedacht West,1,Interruption Of Water Supply at Washington Heights And Intake Road Reservoirs,https://www.durban.gov.za/press-statement/Interruption%2BOf%2BWater%2BSupply%2Bat%2Bwashington%2Bheights%2Band%2Bintake%2Broad%2Breservoirs,Official eThekwini Municipality public notice / press statement,Factual affected-area event compiled from the cited official municipal notice; not a synthetic observation.
339,E018,2024-10-22,2024,10,eThekwini Metropolitan Municipality,KwaZulu-Natal,South Africa,pumpstation_failure,0,Luganda,Luganda,1,Interruption Of Water Supply at Washington Heights And Intake Road Reservoirs,https://www.durban.gov.za/press-statement/Interruption%2BOf%2BWater%2BSupply%2Bat%2Bwashington%2Bheights%2Band%2Bintake%2Broad%2Breservoirs,Official eThekwini Municipality public notice / press statement,Factual affected-area event compiled from the cited official municipal notice; not a synthetic observation.
340,E018,2024-10-22,2024,10,eThekwini Metropolitan Municipality,KwaZulu-Natal,South Africa,pumpstation_failure,0,Nsizwakazi,Nsizwakazi,1,Interruption Of Water Supply at Washington Heights And Intake Road Reservoirs,https://www.durban.gov.za/press-statement/Interruption%2BOf%2BWater%2BSupply%2Bat%2Bwashington%2Bheights%2Band%2Bintake%2Broad%2Breservoirs,Official eThekwini Municipality public notice / press statement,Factual affected-area event compiled from the cited official municipal notice; not a synthetic observation.
341,E018,2024-10-22,2024,10,eThekwini Metropolitan Municipality,KwaZulu-Natal,South Africa,pumpstation_failure,0,Savannah Park,Savannah Park,1,Interruption Of Water Supply at Washington Heights And Intake Road Reservoirs,https://www.durban.gov.za/press-statement/Interruption%2BOf%2BWater%2BSupply%2Bat%2Bwashington%2Bheights%2Band%2Bintake%2Broad%2Breservoirs,Official eThekwini Municipality public notice / press statement,Factual affected-area event compiled from the cited official municipal notice; not a synthetic observation.
342,E018,2024-10-22,2024,10,eThekwini Metropolitan Municipality,KwaZulu-Natal,South Africa,pumpstation_failure,0,Khoseleni,Khoseleni,1,Interruption Of Water Supply at Washington Heights And Intake Road Reservoirs,https://www.durban.gov.za/press-statement/Interruption%2BOf%2BWater%2BSupply%2Bat%2Bwashington%2Bheights%2Band%2Bintake%2Broad%2Breservoirs,Official eThekwini Municipality public notice / press statement,Factual affected-area event compiled from the cited official municipal notice; not a synthetic observation.
343,E018,2024-10-22,2024,10,eThekwini Metropolitan Municipality,KwaZulu-Natal,South Africa,pumpstation_failure,0,Klaarwater,Klaarwater,1,Interruption Of Water Supply at Washington Heights And Intake Road Reservoirs,https://www.durban.gov.za/press-statement/Interruption%2BOf%2BWater%2BSupply%2Bat%2Bwashington%2Bheights%2Band%2Bintake%2Broad%2Breservoirs,Official eThekwini Municipality public notice / press statement,Factual affected-area event compiled from the cited official municipal notice; not a synthetic observation.
344,E018,2024-10-22,2024,10,eThekwini Metropolitan Municipality,KwaZulu-Natal,South Africa,pumpstation_failure,0,Parts of Mariannridge,Mariannridge,1,Interruption Of Water Supply at Washington Heights And Intake Road Reservoirs,https://www.durban.gov.za/press-statement/Interruption%2BOf%2BWater%2BSupply%2Bat%2Bwashington%2Bheights%2Band%2Bintake%2Broad%2Breservoirs,Official eThekwini Municipality public notice / press statement,Factual affected-area event compiled from the cited official municipal notice; not a synthetic observation.
345,E018,2024-10-22,2024,10,eThekwini Metropolitan Municipality,KwaZulu-Natal,South Africa,pumpstation_failure,0,Hlanganisisa Road,Hlanganisisa Road,1,Interruption Of Water Supply at Washington Heights And Intake Road Reservoirs,https://www.durban.gov.za/press-statement/Interruption%2BOf%2BWater%2BSupply%2Bat%2Bwashington%2Bheights%2Band%2Bintake%2Broad%2Breservoirs,Official eThekwini Municipality public notice / press statement,Factual affected-area event compiled from the cited official municipal notice; not a synthetic observation.
346,E018,2024-10-22,2024,10,eThekwini Metropolitan Municipality,KwaZulu-Natal,South Africa,pumpstation_failure,0,Fig Road,Fig Road,1,Interruption Of Water Supply at Washington Heights And Intake Road Reservoirs,https://www.durban.gov.za/press-statement/Interruption%2BOf%2BWater%2BSupply%2Bat%2Bwashington%2Bheights%2Band%2Bintake%2Broad%2Breservoirs,Official eThekwini Municipality public notice / press statement,Factual affected-area event compiled from the cited official municipal notice; not a synthetic observation.
347,E018,2024-10-22,2024,10,eThekwini Metropolitan Municipality,KwaZulu-Natal,South Africa,pumpstation_failure,0,Progress Road,Progress Road,1,Interruption Of Water Supply at Washington Heights And Intake Road Reservoirs,https://www.durban.gov.za/press-statement/Interruption%2BOf%2BWater%2BSupply%2Bat%2Bwashington%2Bheights%2Band%2Bintake%2Broad%2Breservoirs,Official eThekwini Municipality public notice / press statement,Factual affected-area event compiled from the cited official municipal notice; not a synthetic observation.
348,E019,2024-10-23,2024,10,eThekwini Metropolitan Municipality,KwaZulu-Natal,South Africa,planned_pipeline_upgrade,1,Mount Edgecombe Hospital,Mount Edgecombe Hospital,1,Road Closure and Interruption of Water Supply To Areas Supplied By The Phoenix 1 Reservoir,https://www.durban.gov.za/press-statement/Road%2BClosure%2Band%2BInterruption%2Bof%2BWater%2BSupply%2BTo%2BAreas%2BSupplied%2BBy%2BThe%2BPhoenix%2B1%2BReservoir,Official eThekwini Municipality public notice / press statement,Factual affected-area event compiled from the cited official municipal notice; not a synthetic observation.
349,E019,2024-10-23,2024,10,eThekwini Metropolitan Municipality,KwaZulu-Natal,South Africa,planned_pipeline_upgrade,1,Mount Edgecombe Estate,Mount Edgecombe Estate,1,Road Closure and Interruption of Water Supply To Areas Supplied By The Phoenix 1 Reservoir,https://www.durban.gov.za/press-statement/Road%2BClosure%2Band%2BInterruption%2Bof%2BWater%2BSupply%2BTo%2BAreas%2BSupplied%2BBy%2BThe%2BPhoenix%2B1%2BReservoir,Official eThekwini Municipality public notice / press statement,Factual affected-area event compiled from the cited official municipal notice; not a synthetic observation.
350,E019,2024-10-23,2024,10,eThekwini Metropolitan Municipality,KwaZulu-Natal,South Africa,planned_pipeline_upgrade,1,Broadland,Broadland,1,Road Closure and Interruption of Water Supply To Areas Supplied By The Phoenix 1 Reservoir,https://www.durban.gov.za/press-statement/Road%2BClosure%2Band%2BInterruption%2Bof%2BWater%2BSupply%2BTo%2BAreas%2BSupplied%2BBy%2BThe%2BPhoenix%2B1%2BReservoir,Official eThekwini Municipality public notice / press statement,Factual affected-area event compiled from the cited official municipal notice; not a synthetic observation.
351,E019,2024-10-23,2024,10,eThekwini Metropolitan Municipality,KwaZulu-Natal,South Africa,planned_pipeline_upgrade,1,Southgate,Southgate,1,Road Closure and Interruption of Water Supply To Areas Supplied By The Phoenix 1 Reservoir,https://www.durban.gov.za/press-statement/Road%2BClosure%2Band%2BInterruption%2Bof%2BWater%2BSupply%2BTo%2BAreas%2BSupplied%2BBy%2BThe%2BPhoenix%2B1%2BReservoir,Official eThekwini Municipality public notice / press statement,Factual affected-area event compiled from the cited official municipal notice; not a synthetic observation.
352,E019,2024-10-23,2024,10,eThekwini Metropolitan Municipality,KwaZulu-Natal,South Africa,planned_pipeline_upgrade,1,Stonebridge,Stonebridge,1,Road Closure and Interruption of Water Supply To Areas Supplied By The Phoenix 1 Reservoir,https://www.durban.gov.za/press-statement/Road%2BClosure%2Band%2BInterruption%2Bof%2BWater%2BSupply%2BTo%2BAreas%2BSupplied%2BBy%2BThe%2BPhoenix%2B1%2BReservoir,Official eThekwini Municipality public notice / press statement,Factual affected-area event compiled from the cited official municipal notice; not a synthetic observation.
353,E019,2024-10-23,2024,10,eThekwini Metropolitan Municipality,KwaZulu-Natal,South Africa,planned_pipeline_upgrade,1,Clayfield,Clayfield,1,Road Closure and Interruption of Water Supply To Areas Supplied By The Phoenix 1 Reservoir,https://www.durban.gov.za/press-statement/Road%2BClosure%2Band%2BInterruption%2Bof%2BWater%2BSupply%2BTo%2BAreas%2BSupplied%2BBy%2BThe%2BPhoenix%2B1%2BReservoir,Official eThekwini Municipality public notice / press statement,Factual affected-area event compiled from the cited official municipal notice; not a synthetic observation.
354,E020,2024-12-12,2024,12,eThekwini Metropolitan Municipality,KwaZulu-Natal,South Africa,pump_failure,0,Ekuhlengeni Psychiatric Hospital,Ekuhlengeni Psychiatric Hospital,1,City Is Expediting Efforts to Restore Water Supply To Areas Supplied Through The South Coast Augmentation Booster Pumpstation,https://www.durban.gov.za/press-statement/City%2BIs%2BExpediting%2BEfforts%2Bto%2BRestore%2BWater%2BSupply%2BTo%2BAreas%2BSupplied%2BThrough%2BThe%2BSouth%2BCoast%2BAugmentation%2BBooster%2BPumpstation,Official eThekwini Municipality public notice / press statement,Factual affected-area event compiled from the cited official municipal notice; not a synthetic observation.
355,E020,2024-12-12,2024,12,eThekwini Metropolitan Municipality,KwaZulu-Natal,South Africa,pump_failure,0,Garden Lots,Garden Lots,1,City Is Expediting Efforts to Restore Water Supply To Areas Supplied Through The South Coast Augmentation Booster Pumpstation,https://www.durban.gov.za/press-statement/City%2BIs%2BExpediting%2BEfforts%2Bto%2BRestore%2BWater%2BSupply%2BTo%2BAreas%2BSupplied%2BThrough%2BThe%2BSouth%2BCoast%2BAugmentation%2BBooster%2BPumpstation,Official eThekwini Municipality public notice / press statement,Factual affected-area event compiled from the cited official municipal notice; not a synthetic observation.
356,E020,2024-12-12,2024,12,eThekwini Metropolitan Municipality,KwaZulu-Natal,South Africa,pump_failure,0,Ezimbokodweni,Ezimbokodweni,1,City Is Expediting Efforts to Restore Water Supply To Areas Supplied Through The South Coast Augmentation Booster Pumpstation,https://www.durban.gov.za/press-statement/City%2BIs%2BExpediting%2BEfforts%2Bto%2BRestore%2BWater%2BSupply%2BTo%2BAreas%2BSupplied%2BThrough%2BThe%2BSouth%2BCoast%2BAugmentation%2BBooster%2BPumpstation,Official eThekwini Municipality public notice / press statement,Factual affected-area event compiled from the cited official municipal notice; not a synthetic observation.
357,E020,2024-12-12,2024,12,eThekwini Metropolitan Municipality,KwaZulu-Natal,South Africa,pump_failure,0,Southgate Industrial Park,Southgate Industrial Park,1,City Is Expediting Efforts to Restore Water Supply To Areas Supplied Through The South Coast Augmentation Booster Pumpstation,https://www.durban.gov.za/press-statement/City%2BIs%2BExpediting%2BEfforts%2Bto%2BRestore%2BWater%2BSupply%2BTo%2BAreas%2BSupplied%2BThrough%2BThe%2BSouth%2BCoast%2BAugmentation%2BBooster%2BPumpstation,Official eThekwini Municipality public notice / press statement,Factual affected-area event compiled from the cited official municipal notice; not a synthetic observation.
358,E020,2024-12-12,2024,12,eThekwini Metropolitan Municipality,KwaZulu-Natal,South Africa,pump_failure,0,Athlone Park,Athlone Park,1,City Is Expediting Efforts to Restore Water Supply To Areas Supplied Through The South Coast Augmentation Booster Pumpstation,https://www.durban.gov.za/press-statement/City%2BIs%2BExpediting%2BEfforts%2Bto%2BRestore%2BWater%2BSupply%2BTo%2BAreas%2BSupplied%2BThrough%2BThe%2BSouth%2BCoast%2BAugmentation%2BBooster%2BPumpstation,Official eThekwini Municipality public notice / press statement,Factual affected-area event compiled from the cited official municipal notice; not a synthetic observation.
359,E020,2024-12-12,2024,12,eThekwini Metropolitan Municipality,KwaZulu-Natal,South Africa,pump_failure,0,Lewis Drive,Lewis Drive,1,City Is Expediting Efforts to Restore Water Supply To Areas Supplied Through The South Coast Augmentation Booster Pumpstation,https://www.durban.gov.za/press-statement/City%2BIs%2BExpediting%2BEfforts%2Bto%2BRestore%2BWater%2BSupply%2BTo%2BAreas%2BSupplied%2BThrough%2BThe%2BSouth%2BCoast%2BAugmentation%2BBooster%2BPumpstation,Official eThekwini Municipality public notice / press statement,Factual affected-area event compiled from the cited official municipal notice; not a synthetic observation.
360,E020,2024-12-12,2024,12,eThekwini Metropolitan Municipality,KwaZulu-Natal,South Africa,pump_failure,0,Amanzimtoti CBD,Amanzimtoti CBD,1,City Is Expediting Efforts to Restore Water Supply To Areas Supplied Through The South Coast Augmentation Booster Pumpstation,https://www.durban.gov.za/press-statement/City%2BIs%2BExpediting%2BEfforts%2Bto%2BRestore%2BWater%2BSupply%2BTo%2BAreas%2BSupplied%2BThrough%2BThe%2BSouth%2BCoast%2BAugmentation%2BBooster%2BPumpstation,Official eThekwini Municipality public notice / press statement,Factual affected-area event compiled from the cited official municipal notice; not a synthetic observation.
361,E020,2024-12-12,2024,12,eThekwini Metropolitan Municipality,KwaZulu-Natal,South Africa,pump_failure,0,Almond,Almond,1,City Is Expediting Efforts to Restore Water Supply To Areas Supplied Through The South Coast Augmentation Booster Pumpstation,https://www.durban.gov.za/press-statement/City%2BIs%2BExpediting%2BEfforts%2Bto%2BRestore%2BWater%2BSupply%2BTo%2BAreas%2BSupplied%2BThrough%2BThe%2BSouth%2BCoast%2BAugmentation%2BBooster%2BPumpstation,Official eThekwini Municipality public notice / press statement,Factual affected-area event compiled from the cited official municipal notice; not a synthetic observation.
362,E020,2024-12-12,2024,12,eThekwini Metropolitan Municipality,KwaZulu-Natal,South Africa,pump_failure,0,Kingsburgh,Kingsburgh,1,City Is Expediting Efforts to Restore Water Supply To Areas Supplied Through The South Coast Augmentation Booster Pumpstation,https://www.durban.gov.za/press-statement/City%2BIs%2BExpediting%2BEfforts%2Bto%2BRestore%2BWater%2BSupply%2BTo%2BAreas%2BSupplied%2BThrough%2BThe%2BSouth%2BCoast%2BAugmentation%2BBooster%2BPumpstation,Official eThekwini Municipality public notice / press statement,Factual affected-area event compiled from the cited official municipal notice; not a synthetic observation.
363,E020,2024-12-12,2024,12,eThekwini Metropolitan Municipality,KwaZulu-Natal,South Africa,pump_failure,0,Lower Illovo,Lower Illovo,1,City Is Expediting Efforts to Restore Water Supply To Areas Supplied Through The South Coast Augmentation Booster Pumpstation,https://www.durban.gov.za/press-statement/City%2BIs%2BExpediting%2BEfforts%2Bto%2BRestore%2BWater%2BSupply%2BTo%2BAreas%2BSupplied%2BThrough%2BThe%2BSouth%2BCoast%2BAugmentation%2BBooster%2BPumpstation,Official eThekwini Municipality public notice / press statement,Factual affected-area event compiled from the cited official municipal notice; not a synthetic observation.
364,E020,2024-12-12,2024,12,eThekwini Metropolitan Municipality,KwaZulu-Natal,South Africa,pump_failure,0,Illovo Beach,Illovo Beach,1,City Is Expediting Efforts to Restore Water Supply To Areas Supplied Through The South Coast Augmentation Booster Pumpstation,https://www.durban.gov.za/press-statement/City%2BIs%2BExpediting%2BEfforts%2Bto%2BRestore%2BWater%2BSupply%2BTo%2BAreas%2BSupplied%2BThrough%2BThe%2BSouth%2BCoast%2BAugmentation%2BBooster%2BPumpstation,Official eThekwini Municipality public notice / press statement,Factual affected-area event compiled from the cited official municipal notice; not a synthetic observation.
365,E020,2024-12-12,2024,12,eThekwini Metropolitan Municipality,KwaZulu-Natal,South Africa,pump_failure,0,Doonside,Doonside,1,City Is Expediting Efforts to Restore Water Supply To Areas Supplied Through The South Coast Augmentation Booster Pumpstation,https://www.durban.gov.za/press-statement/City%2BIs%2BExpediting%2BEfforts%2Bto%2BRestore%2BWater%2BSupply%2BTo%2BAreas%2BSupplied%2BThrough%2BThe%2BSouth%2BCoast%2BAugmentation%2BBooster%2BPumpstation,Official eThekwini Municipality public notice / press statement,Factual affected-area event compiled from the cited official municipal notice; not a synthetic observation.
366,E020,2024-12-12,2024,12,eThekwini Metropolitan Municipality,KwaZulu-Natal,South Africa,pump_failure,0,Illovo,Illovo,1,City Is Expediting Efforts to Restore Water Supply To Areas Supplied Through The South Coast Augmentation Booster Pumpstation,https://www.durban.gov.za/press-statement/City%2BIs%2BExpediting%2BEfforts%2Bto%2BRestore%2BWater%2BSupply%2BTo%2BAreas%2BSupplied%2BThrough%2BThe%2BSouth%2BCoast%2BAugmentation%2BBooster%2BPumpstation,Official eThekwini Municipality public notice / press statement,Factual affected-area event compiled from the cited official municipal notice; not a synthetic observation.
367,E020,2024-12-12,2024,12,eThekwini Metropolitan Municipality,KwaZulu-Natal,South Africa,pump_failure,0,Panorama,Panorama,1,City Is Expediting Efforts to Restore Water Supply To Areas Supplied Through The South Coast Augmentation Booster Pumpstation,https://www.durban.gov.za/press-statement/City%2BIs%2BExpediting%2BEfforts%2Bto%2BRestore%2BWater%2BSupply%2BTo%2BAreas%2BSupplied%2BThrough%2BThe%2BSouth%2BCoast%2BAugmentation%2BBooster%2BPumpstation,Official eThekwini Municipality public notice / press statement,Factual affected-area event compiled from the cited official municipal notice; not a synthetic observation.
368,E020,2024-12-12,2024,12,eThekwini Metropolitan Municipality,KwaZulu-Natal,South Africa,pump_failure,0,Umgababa,Umgababa,1,City Is Expediting Efforts to Restore Water Supply To Areas Supplied Through The South Coast Augmentation Booster Pumpstation,https://www.durban.gov.za/press-statement/City%2BIs%2BExpediting%2BEfforts%2Bto%2BRestore%2BWater%2BSupply%2BTo%2BAreas%2BSupplied%2BThrough%2BThe%2BSouth%2BCoast%2BAugmentation%2BBooster%2BPumpstation,Official eThekwini Municipality public notice / press statement,Factual affected-area event compiled from the cited official municipal notice; not a synthetic observation.
369,E020,2024-12-12,2024,12,eThekwini Metropolitan Municipality,KwaZulu-Natal,South Africa,pump_failure,0,Amagcino,Amagcino,1,City Is Expediting Efforts to Restore Water Supply To Areas Supplied Through The South Coast Augmentation Booster Pumpstation,https://www.durban.gov.za/press-statement/City%2BIs%2BExpediting%2BEfforts%2Bto%2BRestore%2BWater%2BSupply%2BTo%2BAreas%2BSupplied%2BThrough%2BThe%2BSouth%2BCoast%2BAugmentation%2BBooster%2BPumpstation,Official eThekwini Municipality public notice / press statement,Factual affected-area event compiled from the cited official municipal notice; not a synthetic observation.
370,E020,2024-12-12,2024,12,eThekwini Metropolitan Municipality,KwaZulu-Natal,South Africa,pump_failure,0,Mgobhozini,Mgobhozini,1,City Is Expediting Efforts to Restore Water Supply To Areas Supplied Through The South Coast Augmentation Booster Pumpstation,https://www.durban.gov.za/press-statement/City%2BIs%2BExpediting%2BEfforts%2Bto%2BRestore%2BWater%2BSupply%2BTo%2BAreas%2BSupplied%2BThrough%2BThe%2BSouth%2BCoast%2BAugmentation%2BBooster%2BPumpstation,Official eThekwini Municipality public notice / press statement,Factual affected-area event compiled from the cited official municipal notice; not a synthetic observation.
371,E020,2024-12-12,2024,12,eThekwini Metropolitan Municipality,KwaZulu-Natal,South Africa,pump_failure,0,Mfume,Mfume,1,City Is Expediting Efforts to Restore Water Supply To Areas Supplied Through The South Coast Augmentation Booster Pumpstation,https://www.durban.gov.za/press-statement/City%2BIs%2BExpediting%2BEfforts%2Bto%2BRestore%2BWater%2BSupply%2BTo%2BAreas%2BSupplied%2BThrough%2BThe%2BSouth%2BCoast%2BAugmentation%2BBooster%2BPumpstation,Official eThekwini Municipality public notice / press statement,Factual affected-area event compiled from the cited official municipal notice; not a synthetic observation.
372,E020,2024-12-12,2024,12,eThekwini Metropolitan Municipality,KwaZulu-Natal,South Africa,pump_failure,0,KwaKhanyile,KwaKhanyile,1,City Is Expediting Efforts to Restore Water Supply To Areas Supplied Through The South Coast Augmentation Booster Pumpstation,https://www.durban.gov.za/press-statement/City%2BIs%2BExpediting%2BEfforts%2Bto%2BRestore%2BWater%2BSupply%2BTo%2BAreas%2BSupplied%2BThrough%2BThe%2BSouth%2BCoast%2BAugmentation%2BBooster%2BPumpstation,Official eThekwini Municipality public notice / press statement,Factual affected-area event compiled from the cited official municipal notice; not a synthetic observation.
373,E020,2024-12-12,2024,12,eThekwini Metropolitan Municipality,KwaZulu-Natal,South Africa,pump_failure,0,KwaSoni,KwaSoni,1,City Is Expediting Efforts to Restore Water Supply To Areas Supplied Through The South Coast Augmentation Booster Pumpstation,https://www.durban.gov.za/press-statement/City%2BIs%2BExpediting%2BEfforts%2Bto%2BRestore%2BWater%2BSupply%2BTo%2BAreas%2BSupplied%2BThrough%2BThe%2BSouth%2BCoast%2BAugmentation%2BBooster%2BPumpstation,Official eThekwini Municipality public notice / press statement,Factual affected-area event compiled from the cited official municipal notice; not a synthetic observation.
374,E020,2024-12-12,2024,12,eThekwini Metropolitan Municipality,KwaZulu-Natal,South Africa,pump_failure,0,Mashiwase,Mashiwase,1,City Is Expediting Efforts to Restore Water Supply To Areas Supplied Through The South Coast Augmentation Booster Pumpstation,https://www.durban.gov.za/press-statement/City%2BIs%2BExpediting%2BEfforts%2Bto%2BRestore%2BWater%2BSupply%2BTo%2BAreas%2BSupplied%2BThrough%2BThe%2BSouth%2BCoast%2BAugmentation%2BBooster%2BPumpstation,Official eThekwini Municipality public notice / press statement,Factual affected-area event compiled from the cited official municipal notice; not a synthetic observation.
375,E020,2024-12-12,2024,12,eThekwini Metropolitan Municipality,KwaZulu-Natal,South Africa,pump_failure,0,Nkwali,Nkwali,1,City Is Expediting Efforts to Restore Water Supply To Areas Supplied Through The South Coast Augmentation Booster Pumpstation,https://www.durban.gov.za/press-statement/City%2BIs%2BExpediting%2BEfforts%2Bto%2BRestore%2BWater%2BSupply%2BTo%2BAreas%2BSupplied%2BThrough%2BThe%2BSouth%2BCoast%2BAugmentation%2BBooster%2BPumpstation,Official eThekwini Municipality public notice / press statement,Factual affected-area event compiled from the cited official municipal notice; not a synthetic observation.
376,E020,2024-12-12,2024,12,eThekwini Metropolitan Municipality,KwaZulu-Natal,South Africa,pump_failure,0,Lovu,Lovu,1,City Is Expediting Efforts to Restore Water Supply To Areas Supplied Through The South Coast Augmentation Booster Pumpstation,https://www.durban.gov.za/press-statement/City%2BIs%2BExpediting%2BEfforts%2Bto%2BRestore%2BWater%2BSupply%2BTo%2BAreas%2BSupplied%2BThrough%2BThe%2BSouth%2BCoast%2BAugmentation%2BBooster%2BPumpstation,Official eThekwini Municipality public notice / press statement,Factual affected-area event compiled from the cited official municipal notice; not a synthetic observation.
377,E020,2024-12-12,2024,12,eThekwini Metropolitan Municipality,KwaZulu-Natal,South Africa,pump_failure,0,Bhekulwandle,Bhekulwandle,1,City Is Expediting Efforts to Restore Water Supply To Areas Supplied Through The South Coast Augmentation Booster Pumpstation,https://www.durban.gov.za/press-statement/City%2BIs%2BExpediting%2BEfforts%2Bto%2BRestore%2BWater%2BSupply%2BTo%2BAreas%2BSupplied%2BThrough%2BThe%2BSouth%2BCoast%2BAugmentation%2BBooster%2BPumpstation,Official eThekwini Municipality public notice / press statement,Factual affected-area event compiled from the cited official municipal notice; not a synthetic observation.
378,E020,2024-12-12,2024,12,eThekwini Metropolitan Municipality,KwaZulu-Natal,South Africa,pump_failure,0,KwaMakhutha,KwaMakhutha,1,City Is Expediting Efforts to Restore Water Supply To Areas Supplied Through The South Coast Augmentation Booster Pumpstation,https://www.durban.gov.za/press-statement/City%2BIs%2BExpediting%2BEfforts%2Bto%2BRestore%2BWater%2BSupply%2BTo%2BAreas%2BSupplied%2BThrough%2BThe%2BSouth%2BCoast%2BAugmentation%2BBooster%2BPumpstation,Official eThekwini Municipality public notice / press statement,Factual affected-area event compiled from the cited official municipal notice; not a synthetic observation.
379,E020,2024-12-12,2024,12,eThekwini Metropolitan Municipality,KwaZulu-Natal,South Africa,pump_failure,0,Mkhazini,Mkhazini,1,City Is Expediting Efforts to Restore Water Supply To Areas Supplied Through The South Coast Augmentation Booster Pumpstation,https://www.durban.gov.za/press-statement/City%2BIs%2BExpediting%2BEfforts%2Bto%2BRestore%2BWater%2BSupply%2BTo%2BAreas%2BSupplied%2BThrough%2BThe%2BSouth%2BCoast%2BAugmentation%2BBooster%2BPumpstation,Official eThekwini Municipality public notice / press statement,Factual affected-area event compiled from the cited official municipal notice; not a synthetic observation.
380,E020,2024-12-12,2024,12,eThekwini Metropolitan Municipality,KwaZulu-Natal,South Africa,pump_failure,0,Mbongotwini,Mbongotwini,1,City Is Expediting Efforts to Restore Water Supply To Areas Supplied Through The South Coast Augmentation Booster Pumpstation,https://www.durban.gov.za/press-statement/City%2BIs%2BExpediting%2BEfforts%2Bto%2BRestore%2BWater%2BSupply%2BTo%2BAreas%2BSupplied%2BThrough%2BThe%2BSouth%2BCoast%2BAugmentation%2BBooster%2BPumpstation,Official eThekwini Municipality public notice / press statement,Factual affected-area event compiled from the cited official municipal notice; not a synthetic observation.
381,E020,2024-12-12,2024,12,eThekwini Metropolitan Municipality,KwaZulu-Natal,South Africa,pump_failure,0,Adams Mission,Adams Mission,1,City Is Expediting Efforts to Restore Water Supply To Areas Supplied Through The South Coast Augmentation Booster Pumpstation,https://www.durban.gov.za/press-statement/City%2BIs%2BExpediting%2BEfforts%2Bto%2BRestore%2BWater%2BSupply%2BTo%2BAreas%2BSupplied%2BThrough%2BThe%2BSouth%2BCoast%2BAugmentation%2BBooster%2BPumpstation,Official eThekwini Municipality public notice / press statement,Factual affected-area event compiled from the cited official municipal notice; not a synthetic observation.
382,E020,2024-12-12,2024,12,eThekwini Metropolitan Municipality,KwaZulu-Natal,South Africa,pump_failure,0,KwaFakazi,KwaFakazi,1,City Is Expediting Efforts to Restore Water Supply To Areas Supplied Through The South Coast Augmentation Booster Pumpstation,https://www.durban.gov.za/press-statement/City%2BIs%2BExpediting%2BEfforts%2Bto%2BRestore%2BWater%2BSupply%2BTo%2BAreas%2BSupplied%2BThrough%2BThe%2BSouth%2BCoast%2BAugmentation%2BBooster%2BPumpstation,Official eThekwini Municipality public notice / press statement,Factual affected-area event compiled from the cited official municipal notice; not a synthetic observation.
383,E020,2024-12-12,2024,12,eThekwini Metropolitan Municipality,KwaZulu-Natal,South Africa,pump_failure,0,KwaMgendwa,KwaMgendwa,1,City Is Expediting Efforts to Restore Water Supply To Areas Supplied Through The South Coast Augmentation Booster Pumpstation,https://www.durban.gov.za/press-statement/City%2BIs%2BExpediting%2BEfforts%2Bto%2BRestore%2BWater%2BSupply%2BTo%2BAreas%2BSupplied%2BThrough%2BThe%2BSouth%2BCoast%2BAugmentation%2BBooster%2BPumpstation,Official eThekwini Municipality public notice / press statement,Factual affected-area event compiled from the cited official municipal notice; not a synthetic observation.
384,E020,2024-12-12,2024,12,eThekwini Metropolitan Municipality,KwaZulu-Natal,South Africa,pump_failure,0,Ohlongeni,Ohlongeni,1,City Is Expediting Efforts to Restore Water Supply To Areas Supplied Through The South Coast Augmentation Booster Pumpstation,https://www.durban.gov.za/press-statement/City%2BIs%2BExpediting%2BEfforts%2Bto%2BRestore%2BWater%2BSupply%2BTo%2BAreas%2BSupplied%2BThrough%2BThe%2BSouth%2BCoast%2BAugmentation%2BBooster%2BPumpstation,Official eThekwini Municipality public notice / press statement,Factual affected-area event compiled from the cited official municipal notice; not a synthetic observation.
385,E020,2024-12-12,2024,12,eThekwini Metropolitan Municipality,KwaZulu-Natal,South Africa,pump_failure,0,eKuphileni,eKuphileni,1,City Is Expediting Efforts to Restore Water Supply To Areas Supplied Through The South Coast Augmentation Booster Pumpstation,https://www.durban.gov.za/press-statement/City%2BIs%2BExpediting%2BEfforts%2Bto%2BRestore%2BWater%2BSupply%2BTo%2BAreas%2BSupplied%2BThrough%2BThe%2BSouth%2BCoast%2BAugmentation%2BBooster%2BPumpstation,Official eThekwini Municipality public notice / press statement,Factual affected-area event compiled from the cited official municipal notice; not a synthetic observation.
386,E020,2024-12-12,2024,12,eThekwini Metropolitan Municipality,KwaZulu-Natal,South Africa,pump_failure,0,Mahlathini,Mahlathini,1,City Is Expediting Efforts to Restore Water Supply To Areas Supplied Through The South Coast Augmentation Booster Pumpstation,https://www.durban.gov.za/press-statement/City%2BIs%2BExpediting%2BEfforts%2Bto%2BRestore%2BWater%2BSupply%2BTo%2BAreas%2BSupplied%2BThrough%2BThe%2BSouth%2BCoast%2BAugmentation%2BBooster%2BPumpstation,Official eThekwini Municipality public notice / press statement,Factual affected-area event compiled from the cited official municipal notice; not a synthetic observation.
387,E020,2024-12-12,2024,12,eThekwini Metropolitan Municipality,KwaZulu-Natal,South Africa,pump_failure,0,Umnini,Umnini,1,City Is Expediting Efforts to Restore Water Supply To Areas Supplied Through The South Coast Augmentation Booster Pumpstation,https://www.durban.gov.za/press-statement/City%2BIs%2BExpediting%2BEfforts%2Bto%2BRestore%2BWater%2BSupply%2BTo%2BAreas%2BSupplied%2BThrough%2BThe%2BSouth%2BCoast%2BAugmentation%2BBooster%2BPumpstation,Official eThekwini Municipality public notice / press statement,Factual affected-area event compiled from the cited official municipal notice; not a synthetic observation.
388,E020,2024-12-12,2024,12,eThekwini Metropolitan Municipality,KwaZulu-Natal,South Africa,pump_failure,0,Magabheni,Magabheni,1,City Is Expediting Efforts to Restore Water Supply To Areas Supplied Through The South Coast Augmentation Booster Pumpstation,https://www.durban.gov.za/press-statement/City%2BIs%2BExpediting%2BEfforts%2Bto%2BRestore%2BWater%2BSupply%2BTo%2BAreas%2BSupplied%2BThrough%2BThe%2BSouth%2BCoast%2BAugmentation%2BBooster%2BPumpstation,Official eThekwini Municipality public notice / press statement,Factual affected-area event compiled from the cited official municipal notice; not a synthetic observation.
389,E020,2024-12-12,2024,12,eThekwini Metropolitan Municipality,KwaZulu-Natal,South Africa,pump_failure,0,Ehlanzeni,Ehlanzeni,1,City Is Expediting Efforts to Restore Water Supply To Areas Supplied Through The South Coast Augmentation Booster Pumpstation,https://www.durban.gov.za/press-statement/City%2BIs%2BExpediting%2BEfforts%2Bto%2BRestore%2BWater%2BSupply%2BTo%2BAreas%2BSupplied%2BThrough%2BThe%2BSouth%2BCoast%2BAugmentation%2BBooster%2BPumpstation,Official eThekwini Municipality public notice / press statement,Factual affected-area event compiled from the cited official municipal notice; not a synthetic observation.
390,E020,2024-12-12,2024,12,eThekwini Metropolitan Municipality,KwaZulu-Natal,South Africa,pump_failure,0,Thoyane,Thoyane,1,City Is Expediting Efforts to Restore Water Supply To Areas Supplied Through The South Coast Augmentation Booster Pumpstation,https://www.durban.gov.za/press-statement/City%2BIs%2BExpediting%2BEfforts%2Bto%2BRestore%2BWater%2BSupply%2BTo%2BAreas%2BSupplied%2BThrough%2BThe%2BSouth%2BCoast%2BAugmentation%2BBooster%2BPumpstation,Official eThekwini Municipality public notice / press statement,Factual affected-area event compiled from the cited official municipal notice; not a synthetic observation.
391,E020,2024-12-12,2024,12,eThekwini Metropolitan Municipality,KwaZulu-Natal,South Africa,pump_failure,0,Umkhomazi,Umkhomazi,1,City Is Expediting Efforts to Restore Water Supply To Areas Supplied Through The South Coast Augmentation Booster Pumpstation,https://www.durban.gov.za/press-statement/City%2BIs%2BExpediting%2BEfforts%2Bto%2BRestore%2BWater%2BSupply%2BTo%2BAreas%2BSupplied%2BThrough%2BThe%2BSouth%2BCoast%2BAugmentation%2BBooster%2BPumpstation,Official eThekwini Municipality public notice / press statement,Factual affected-area event compiled from the cited official municipal notice; not a synthetic observation.
392,E020,2024-12-12,2024,12,eThekwini Metropolitan Municipality,KwaZulu-Natal,South Africa,pump_failure,0,Craigeburn,Craigeburn,1,City Is Expediting Efforts to Restore Water Supply To Areas Supplied Through The South Coast Augmentation Booster Pumpstation,https://www.durban.gov.za/press-statement/City%2BIs%2BExpediting%2BEfforts%2Bto%2BRestore%2BWater%2BSupply%2BTo%2BAreas%2BSupplied%2BThrough%2BThe%2BSouth%2BCoast%2BAugmentation%2BBooster%2BPumpstation,Official eThekwini Municipality public notice / press statement,Factual affected-area event compiled from the cited official municipal notice; not a synthetic observation.
393,E020,2024-12-12,2024,12,eThekwini Metropolitan Municipality,KwaZulu-Natal,South Africa,pump_failure,0,Amahlongwa,Amahlongwa,1,City Is Expediting Efforts to Restore Water Supply To Areas Supplied Through The South Coast Augmentation Booster Pumpstation,https://www.durban.gov.za/press-statement/City%2BIs%2BExpediting%2BEfforts%2Bto%2BRestore%2BWater%2BSupply%2BTo%2BAreas%2BSupplied%2BThrough%2BThe%2BSouth%2BCoast%2BAugmentation%2BBooster%2BPumpstation,Official eThekwini Municipality public notice / press statement,Factual affected-area event compiled from the cited official municipal notice; not a synthetic observation.
394,E020,2024-12-12,2024,12,eThekwini Metropolitan Municipality,KwaZulu-Natal,South Africa,pump_failure,0,Amalundi,Amalundi,1,City Is Expediting Efforts to Restore Water Supply To Areas Supplied Through The South Coast Augmentation Booster Pumpstation,https://www.durban.gov.za/press-statement/City%2BIs%2BExpediting%2BEfforts%2Bto%2BRestore%2BWater%2BSupply%2BTo%2BAreas%2BSupplied%2BThrough%2BThe%2BSouth%2BCoast%2BAugmentation%2BBooster%2BPumpstation,Official eThekwini Municipality public notice / press statement,Factual affected-area event compiled from the cited official municipal notice; not a synthetic observation.
395,E020,2024-12-12,2024,12,eThekwini Metropolitan Municipality,KwaZulu-Natal,South Africa,pump_failure,0,Crowder Farm,Crowder Farm,1,City Is Expediting Efforts to Restore Water Supply To Areas Supplied Through The South Coast Augmentation Booster Pumpstation,https://www.durban.gov.za/press-statement/City%2BIs%2BExpediting%2BEfforts%2Bto%2BRestore%2BWater%2BSupply%2BTo%2BAreas%2BSupplied%2BThrough%2BThe%2BSouth%2BCoast%2BAugmentation%2BBooster%2BPumpstation,Official eThekwini Municipality public notice / press statement,Factual affected-area event compiled from the cited official municipal notice; not a synthetic observation.
396,E020,2024-12-12,2024,12,eThekwini Metropolitan Municipality,KwaZulu-Natal,South Africa,pump_failure,0,Quarry Heights,Quarry Heights,1,City Is Expediting Efforts to Restore Water Supply To Areas Supplied Through The South Coast Augmentation Booster Pumpstation,https://www.durban.gov.za/press-statement/City%2BIs%2BExpediting%2BEfforts%2Bto%2BRestore%2BWater%2BSupply%2BTo%2BAreas%2BSupplied%2BThrough%2BThe%2BSouth%2BCoast%2BAugmentation%2BBooster%2BPumpstation,Official eThekwini Municipality public notice / press statement,Factual affected-area event compiled from the cited official municipal notice; not a synthetic observation.
397,E020,2024-12-12,2024,12,eThekwini Metropolitan Municipality,KwaZulu-Natal,South Africa,pump_failure,0,Scottburgh,Scottburgh,1,City Is Expediting Efforts to Restore Water Supply To Areas Supplied Through The South Coast Augmentation Booster Pumpstation,https://www.durban.gov.za/press-statement/City%2BIs%2BExpediting%2BEfforts%2Bto%2BRestore%2BWater%2BSupply%2BTo%2BAreas%2BSupplied%2BThrough%2BThe%2BSouth%2BCoast%2BAugmentation%2BBooster%2BPumpstation,Official eThekwini Municipality public notice / press statement,Factual affected-area event compiled from the cited official municipal notice; not a synthetic observation.
398,E020,2024-12-12,2024,12,eThekwini Metropolitan Municipality,KwaZulu-Natal,South Africa,pump_failure,0,Isiphingo Beach,Isiphingo Beach,1,City Is Expediting Efforts to Restore Water Supply To Areas Supplied Through The South Coast Augmentation Booster Pumpstation,https://www.durban.gov.za/press-statement/City%2BIs%2BExpediting%2BEfforts%2Bto%2BRestore%2BWater%2BSupply%2BTo%2BAreas%2BSupplied%2BThrough%2BThe%2BSouth%2BCoast%2BAugmentation%2BBooster%2BPumpstation,Official eThekwini Municipality public notice / press statement,Factual affected-area event compiled from the cited official municipal notice; not a synthetic observation.
399,E020,2024-12-12,2024,12,eThekwini Metropolitan Municipality,KwaZulu-Natal,South Africa,pump_failure,0,Isiphingo Hills,Isiphingo Hills,1,City Is Expediting Efforts to Restore Water Supply To Areas Supplied Through The South Coast Augmentation Booster Pumpstation,https://www.durban.gov.za/press-statement/City%2BIs%2BExpediting%2BEfforts%2Bto%2BRestore%2BWater%2BSupply%2BTo%2BAreas%2BSupplied%2BThrough%2BThe%2BSouth%2BCoast%2BAugmentation%2BBooster%2BPumpstation,Official eThekwini Municipality public notice / press statement,Factual affected-area event compiled from the cited official municipal notice; not a synthetic observation.
400,E020,2024-12-12,2024,12,eThekwini Metropolitan Municipality,KwaZulu-Natal,South Africa,pump_failure,0,Isiphingo Rail,Isiphingo Rail,1,City Is Expediting Efforts to Restore Water Supply To Areas Supplied Through The South Coast Augmentation Booster Pumpstation,https://www.durban.gov.za/press-statement/City%2BIs%2BExpediting%2BEfforts%2Bto%2BRestore%2BWater%2BSupply%2BTo%2BAreas%2BSupplied%2BThrough%2BThe%2BSouth%2BCoast%2BAugmentation%2BBooster%2BPumpstation,Official eThekwini Municipality public notice / press statement,Factual affected-area event compiled from the cited official municipal notice; not a synthetic observation.
401,E020,2024-12-12,2024,12,eThekwini Metropolitan Municipality,KwaZulu-Natal,South Africa,pump_failure,0,Orient Hills,Orient Hills,1,City Is Expediting Efforts to Restore Water Supply To Areas Supplied Through The South Coast Augmentation Booster Pumpstation,https://www.durban.gov.za/press-statement/City%2BIs%2BExpediting%2BEfforts%2Bto%2BRestore%2BWater%2BSupply%2BTo%2BAreas%2BSupplied%2BThrough%2BThe%2BSouth%2BCoast%2BAugmentation%2BBooster%2BPumpstation,Official eThekwini Municipality public notice / press statement,Factual affected-area event compiled from the cited official municipal notice; not a synthetic observation.
402,E020,2024-12-12,2024,12,eThekwini Metropolitan Municipality,KwaZulu-Natal,South Africa,pump_failure,0,Prospecton Industrial,Prospecton Industrial,1,City Is Expediting Efforts to Restore Water Supply To Areas Supplied Through The South Coast Augmentation Booster Pumpstation,https://www.durban.gov.za/press-statement/City%2BIs%2BExpediting%2BEfforts%2Bto%2BRestore%2BWater%2BSupply%2BTo%2BAreas%2BSupplied%2BThrough%2BThe%2BSouth%2BCoast%2BAugmentation%2BBooster%2BPumpstation,Official eThekwini Municipality public notice / press statement,Factual affected-area event compiled from the cited official municipal notice; not a synthetic observation.
403,E020,2024-12-12,2024,12,eThekwini Metropolitan Municipality,KwaZulu-Natal,South Africa,pump_failure,0,Umlazi T,Umlazi T,1,City Is Expediting Efforts to Restore Water Supply To Areas Supplied Through The South Coast Augmentation Booster Pumpstation,https://www.durban.gov.za/press-statement/City%2BIs%2BExpediting%2BEfforts%2Bto%2BRestore%2BWater%2BSupply%2BTo%2BAreas%2BSupplied%2BThrough%2BThe%2BSouth%2BCoast%2BAugmentation%2BBooster%2BPumpstation,Official eThekwini Municipality public notice / press statement,Factual affected-area event compiled from the cited official municipal notice; not a synthetic observation.
404,E020,2024-12-12,2024,12,eThekwini Metropolitan Municipality,KwaZulu-Natal,South Africa,pump_failure,0,Malaba Hills,Malaba Hills,1,City Is Expediting Efforts to Restore Water Supply To Areas Supplied Through The South Coast Augmentation Booster Pumpstation,https://www.durban.gov.za/press-statement/City%2BIs%2BExpediting%2BEfforts%2Bto%2BRestore%2BWater%2BSupply%2BTo%2BAreas%2BSupplied%2BThrough%2BThe%2BSouth%2BCoast%2BAugmentation%2BBooster%2BPumpstation,Official eThekwini Municipality public notice / press statement,Factual affected-area event compiled from the cited official municipal notice; not a synthetic observation.
405,E020,2024-12-12,2024,12,eThekwini Metropolitan Municipality,KwaZulu-Natal,South Africa,pump_failure,0,Reunion,Reunion,1,City Is Expediting Efforts to Restore Water Supply To Areas Supplied Through The South Coast Augmentation Booster Pumpstation,https://www.durban.gov.za/press-statement/City%2BIs%2BExpediting%2BEfforts%2Bto%2BRestore%2BWater%2BSupply%2BTo%2BAreas%2BSupplied%2BThrough%2BThe%2BSouth%2BCoast%2BAugmentation%2BBooster%2BPumpstation,Official eThekwini Municipality public notice / press statement,Factual affected-area event compiled from the cited official municipal notice; not a synthetic observation.
406,E020,2024-12-12,2024,12,eThekwini Metropolitan Municipality,KwaZulu-Natal,South Africa,pump_failure,0,Umlazi V,Umlazi V,1,City Is Expediting Efforts to Restore Water Supply To Areas Supplied Through The South Coast Augmentation Booster Pumpstation,https://www.durban.gov.za/press-statement/City%2BIs%2BExpediting%2BEfforts%2Bto%2BRestore%2BWater%2BSupply%2BTo%2BAreas%2BSupplied%2BThrough%2BThe%2BSouth%2BCoast%2BAugmentation%2BBooster%2BPumpstation,Official eThekwini Municipality public notice / press statement,Factual affected-area event compiled from the cited official municipal notice; not a synthetic observation.
407,E020,2024-12-12,2024,12,eThekwini Metropolitan Municipality,KwaZulu-Natal,South Africa,pump_failure,0,Umlazi Mission A,Umlazi Mission A,1,City Is Expediting Efforts to Restore Water Supply To Areas Supplied Through The South Coast Augmentation Booster Pumpstation,https://www.durban.gov.za/press-statement/City%2BIs%2BExpediting%2BEfforts%2Bto%2BRestore%2BWater%2BSupply%2BTo%2BAreas%2BSupplied%2BThrough%2BThe%2BSouth%2BCoast%2BAugmentation%2BBooster%2BPumpstation,Official eThekwini Municipality public notice / press statement,Factual affected-area event compiled from the cited official municipal notice; not a synthetic observation.
408,E020,2024-12-12,2024,12,eThekwini Metropolitan Municipality,KwaZulu-Natal,South Africa,pump_failure,0,Lotus Park,Lotus Park,1,City Is Expediting Efforts to Restore Water Supply To Areas Supplied Through The South Coast Augmentation Booster Pumpstation,https://www.durban.gov.za/press-statement/City%2BIs%2BExpediting%2BEfforts%2Bto%2BRestore%2BWater%2BSupply%2BTo%2BAreas%2BSupplied%2BThrough%2BThe%2BSouth%2BCoast%2BAugmentation%2BBooster%2BPumpstation,Official eThekwini Municipality public notice / press statement,Factual affected-area event compiled from the cited official municipal notice; not a synthetic observation.
409,E020,2024-12-12,2024,12,eThekwini Metropolitan Municipality,KwaZulu-Natal,South Africa,pump_failure,0,Malagazi,Malagazi,1,City Is Expediting Efforts to Restore Water Supply To Areas Supplied Through The South Coast Augmentation Booster Pumpstation,https://www.durban.gov.za/press-statement/City%2BIs%2BExpediting%2BEfforts%2Bto%2BRestore%2BWater%2BSupply%2BTo%2BAreas%2BSupplied%2BThrough%2BThe%2BSouth%2BCoast%2BAugmentation%2BBooster%2BPumpstation,Official eThekwini Municipality public notice / press statement,Factual affected-area event compiled from the cited official municipal notice; not a synthetic observation.
410,E020,2024-12-12,2024,12,eThekwini Metropolitan Municipality,KwaZulu-Natal,South Africa,pump_failure,0,Malukazi,Malukazi,1,City Is Expediting Efforts to Restore Water Supply To Areas Supplied Through The South Coast Augmentation Booster Pumpstation,https://www.durban.gov.za/press-statement/City%2BIs%2BExpediting%2BEfforts%2Bto%2BRestore%2BWater%2BSupply%2BTo%2BAreas%2BSupplied%2BThrough%2BThe%2BSouth%2BCoast%2BAugmentation%2BBooster%2BPumpstation,Official eThekwini Municipality public notice / press statement,Factual affected-area event compiled from the cited official municipal notice; not a synthetic observation.
411,E020,2024-12-12,2024,12,eThekwini Metropolitan Municipality,KwaZulu-Natal,South Africa,pump_failure,0,Umlazi U,Umlazi U,1,City Is Expediting Efforts to Restore Water Supply To Areas Supplied Through The South Coast Augmentation Booster Pumpstation,https://www.durban.gov.za/press-statement/City%2BIs%2BExpediting%2BEfforts%2Bto%2BRestore%2BWater%2BSupply%2BTo%2BAreas%2BSupplied%2BThrough%2BThe%2BSouth%2BCoast%2BAugmentation%2BBooster%2BPumpstation,Official eThekwini Municipality public notice / press statement,Factual affected-area event compiled from the cited official municipal notice; not a synthetic observation.
412,E020,2024-12-12,2024,12,eThekwini Metropolitan Municipality,KwaZulu-Natal,South Africa,pump_failure,0,Old Durban Airport,Old Durban Airport,1,City Is Expediting Efforts to Restore Water Supply To Areas Supplied Through The South Coast Augmentation Booster Pumpstation,https://www.durban.gov.za/press-statement/City%2BIs%2BExpediting%2BEfforts%2Bto%2BRestore%2BWater%2BSupply%2BTo%2BAreas%2BSupplied%2BThrough%2BThe%2BSouth%2BCoast%2BAugmentation%2BBooster%2BPumpstation,Official eThekwini Municipality public notice / press statement,Factual affected-area event compiled from the cited official municipal notice; not a synthetic observation.
413,E020,2024-12-12,2024,12,eThekwini Metropolitan Municipality,KwaZulu-Natal,South Africa,pump_failure,0,Jacobs,Jacobs,1,City Is Expediting Efforts to Restore Water Supply To Areas Supplied Through The South Coast Augmentation Booster Pumpstation,https://www.durban.gov.za/press-statement/City%2BIs%2BExpediting%2BEfforts%2Bto%2BRestore%2BWater%2BSupply%2BTo%2BAreas%2BSupplied%2BThrough%2BThe%2BSouth%2BCoast%2BAugmentation%2BBooster%2BPumpstation,Official eThekwini Municipality public notice / press statement,Factual affected-area event compiled from the cited official municipal notice; not a synthetic observation.
414,E021,2025-01-15,2025,1,eThekwini Metropolitan Municipality,KwaZulu-Natal,South Africa,pipeline_leak_repair,0,Umlazi,Umlazi,1,Water restrictions from uMlazi system and central water network due to emergency repairs,https://durban.gov.za/press-statement/Water%2Brestrictions%2Bfrom%2BuMlazi%2Bsystem%2Band%2Bcentral%2Bwater%2Bnetwork%2Bdue%2Bto%2Bemergency%2Brepairs,Official eThekwini Municipality public notice / press statement,Factual affected-area event compiled from the cited official municipal notice; not a synthetic observation.
415,E021,2025-01-15,2025,1,eThekwini Metropolitan Municipality,KwaZulu-Natal,South Africa,pipeline_leak_repair,0,Nsimbini,Nsimbini,1,Water restrictions from uMlazi system and central water network due to emergency repairs,https://durban.gov.za/press-statement/Water%2Brestrictions%2Bfrom%2BuMlazi%2Bsystem%2Band%2Bcentral%2Bwater%2Bnetwork%2Bdue%2Bto%2Bemergency%2Brepairs,Official eThekwini Municipality public notice / press statement,Factual affected-area event compiled from the cited official municipal notice; not a synthetic observation.
416,E021,2025-01-15,2025,1,eThekwini Metropolitan Municipality,KwaZulu-Natal,South Africa,pipeline_leak_repair,0,Folweni,Folweni,1,Water restrictions from uMlazi system and central water network due to emergency repairs,https://durban.gov.za/press-statement/Water%2Brestrictions%2Bfrom%2BuMlazi%2Bsystem%2Band%2Bcentral%2Bwater%2Bnetwork%2Bdue%2Bto%2Bemergency%2Brepairs,Official eThekwini Municipality public notice / press statement,Factual affected-area event compiled from the cited official municipal notice; not a synthetic observation.
417,E021,2025-01-15,2025,1,eThekwini Metropolitan Municipality,KwaZulu-Natal,South Africa,pipeline_leak_repair,0,Golokodo,Golokodo,1,Water restrictions from uMlazi system and central water network due to emergency repairs,https://durban.gov.za/press-statement/Water%2Brestrictions%2Bfrom%2BuMlazi%2Bsystem%2Band%2Bcentral%2Bwater%2Bnetwork%2Bdue%2Bto%2Bemergency%2Brepairs,Official eThekwini Municipality public notice / press statement,Factual affected-area event compiled from the cited official municipal notice; not a synthetic observation.
418,E021,2025-01-15,2025,1,eThekwini Metropolitan Municipality,KwaZulu-Natal,South Africa,pipeline_leak_repair,0,Arena Park,Arena Park,1,Water restrictions from uMlazi system and central water network due to emergency repairs,https://durban.gov.za/press-statement/Water%2Brestrictions%2Bfrom%2BuMlazi%2Bsystem%2Band%2Bcentral%2Bwater%2Bnetwork%2Bdue%2Bto%2Bemergency%2Brepairs,Official eThekwini Municipality public notice / press statement,Factual affected-area event compiled from the cited official municipal notice; not a synthetic observation.
419,E021,2025-01-15,2025,1,eThekwini Metropolitan Municipality,KwaZulu-Natal,South Africa,pipeline_leak_repair,0,Bayview,Bayview,1,Water restrictions from uMlazi system and central water network due to emergency repairs,https://durban.gov.za/press-statement/Water%2Brestrictions%2Bfrom%2BuMlazi%2Bsystem%2Band%2Bcentral%2Bwater%2Bnetwork%2Bdue%2Bto%2Bemergency%2Brepairs,Official eThekwini Municipality public notice / press statement,Factual affected-area event compiled from the cited official municipal notice; not a synthetic observation.
420,E021,2025-01-15,2025,1,eThekwini Metropolitan Municipality,KwaZulu-Natal,South Africa,pipeline_leak_repair,0,Buffels Bosch,Buffels Bosch,1,Water restrictions from uMlazi system and central water network due to emergency repairs,https://durban.gov.za/press-statement/Water%2Brestrictions%2Bfrom%2BuMlazi%2Bsystem%2Band%2Bcentral%2Bwater%2Bnetwork%2Bdue%2Bto%2Bemergency%2Brepairs,Official eThekwini Municipality public notice / press statement,Factual affected-area event compiled from the cited official municipal notice; not a synthetic observation.
421,E021,2025-01-15,2025,1,eThekwini Metropolitan Municipality,KwaZulu-Natal,South Africa,pipeline_leak_repair,0,Bulbul,Bulbul,1,Water restrictions from uMlazi system and central water network due to emergency repairs,https://durban.gov.za/press-statement/Water%2Brestrictions%2Bfrom%2BuMlazi%2Bsystem%2Band%2Bcentral%2Bwater%2Bnetwork%2Bdue%2Bto%2Bemergency%2Brepairs,Official eThekwini Municipality public notice / press statement,Factual affected-area event compiled from the cited official municipal notice; not a synthetic observation.
422,E021,2025-01-15,2025,1,eThekwini Metropolitan Municipality,KwaZulu-Natal,South Africa,pipeline_leak_repair,0,Burlington Heights,Burlington Heights,1,Water restrictions from uMlazi system and central water network due to emergency repairs,https://durban.gov.za/press-statement/Water%2Brestrictions%2Bfrom%2BuMlazi%2Bsystem%2Band%2Bcentral%2Bwater%2Bnetwork%2Bdue%2Bto%2Bemergency%2Brepairs,Official eThekwini Municipality public notice / press statement,Factual affected-area event compiled from the cited official municipal notice; not a synthetic observation.
423,E021,2025-01-15,2025,1,eThekwini Metropolitan Municipality,KwaZulu-Natal,South Africa,pipeline_leak_repair,0,Chatsworth Town Centre,Chatsworth Town Centre,1,Water restrictions from uMlazi system and central water network due to emergency repairs,https://durban.gov.za/press-statement/Water%2Brestrictions%2Bfrom%2BuMlazi%2Bsystem%2Band%2Bcentral%2Bwater%2Bnetwork%2Bdue%2Bto%2Bemergency%2Brepairs,Official eThekwini Municipality public notice / press statement,Factual affected-area event compiled from the cited official municipal notice; not a synthetic observation.
424,E021,2025-01-15,2025,1,eThekwini Metropolitan Municipality,KwaZulu-Natal,South Africa,pipeline_leak_repair,0,Coedmore,Coedmore,1,Water restrictions from uMlazi system and central water network due to emergency repairs,https://durban.gov.za/press-statement/Water%2Brestrictions%2Bfrom%2BuMlazi%2Bsystem%2Band%2Bcentral%2Bwater%2Bnetwork%2Bdue%2Bto%2Bemergency%2Brepairs,Official eThekwini Municipality public notice / press statement,Factual affected-area event compiled from the cited official municipal notice; not a synthetic observation.
425,E021,2025-01-15,2025,1,eThekwini Metropolitan Municipality,KwaZulu-Natal,South Africa,pipeline_leak_repair,0,Croftdene,Croftdene,1,Water restrictions from uMlazi system and central water network due to emergency repairs,https://durban.gov.za/press-statement/Water%2Brestrictions%2Bfrom%2BuMlazi%2Bsystem%2Band%2Bcentral%2Bwater%2Bnetwork%2Bdue%2Bto%2Bemergency%2Brepairs,Official eThekwini Municipality public notice / press statement,Factual affected-area event compiled from the cited official municipal notice; not a synthetic observation.
426,E021,2025-01-15,2025,1,eThekwini Metropolitan Municipality,KwaZulu-Natal,South Africa,pipeline_leak_repair,0,Crossmoor,Crossmoor,1,Water restrictions from uMlazi system and central water network due to emergency repairs,https://durban.gov.za/press-statement/Water%2Brestrictions%2Bfrom%2BuMlazi%2Bsystem%2Band%2Bcentral%2Bwater%2Bnetwork%2Bdue%2Bto%2Bemergency%2Brepairs,Official eThekwini Municipality public notice / press statement,Factual affected-area event compiled from the cited official municipal notice; not a synthetic observation.
427,E021,2025-01-15,2025,1,eThekwini Metropolitan Municipality,KwaZulu-Natal,South Africa,pipeline_leak_repair,0,Ehlanzeni,Ehlanzeni,1,Water restrictions from uMlazi system and central water network due to emergency repairs,https://durban.gov.za/press-statement/Water%2Brestrictions%2Bfrom%2BuMlazi%2Bsystem%2Band%2Bcentral%2Bwater%2Bnetwork%2Bdue%2Bto%2Bemergency%2Brepairs,Official eThekwini Municipality public notice / press statement,Factual affected-area event compiled from the cited official municipal notice; not a synthetic observation.
428,E021,2025-01-15,2025,1,eThekwini Metropolitan Municipality,KwaZulu-Natal,South Africa,pipeline_leak_repair,0,Ezihyathini,Ezihyathini,1,Water restrictions from uMlazi system and central water network due to emergency repairs,https://durban.gov.za/press-statement/Water%2Brestrictions%2Bfrom%2BuMlazi%2Bsystem%2Band%2Bcentral%2Bwater%2Bnetwork%2Bdue%2Bto%2Bemergency%2Brepairs,Official eThekwini Municipality public notice / press statement,Factual affected-area event compiled from the cited official municipal notice; not a synthetic observation.
429,E021,2025-01-15,2025,1,eThekwini Metropolitan Municipality,KwaZulu-Natal,South Africa,pipeline_leak_repair,0,Havenside,Havenside,1,Water restrictions from uMlazi system and central water network due to emergency repairs,https://durban.gov.za/press-statement/Water%2Brestrictions%2Bfrom%2BuMlazi%2Bsystem%2Band%2Bcentral%2Bwater%2Bnetwork%2Bdue%2Bto%2Bemergency%2Brepairs,Official eThekwini Municipality public notice / press statement,Factual affected-area event compiled from the cited official municipal notice; not a synthetic observation.
430,E021,2025-01-15,2025,1,eThekwini Metropolitan Municipality,KwaZulu-Natal,South Africa,pipeline_leak_repair,0,Hillary,Hillary,1,Water restrictions from uMlazi system and central water network due to emergency repairs,https://durban.gov.za/press-statement/Water%2Brestrictions%2Bfrom%2BuMlazi%2Bsystem%2Band%2Bcentral%2Bwater%2Bnetwork%2Bdue%2Bto%2Bemergency%2Brepairs,Official eThekwini Municipality public notice / press statement,Factual affected-area event compiled from the cited official municipal notice; not a synthetic observation.
431,E021,2025-01-15,2025,1,eThekwini Metropolitan Municipality,KwaZulu-Natal,South Africa,pipeline_leak_repair,0,Kharwastan,Kharwastan,1,Water restrictions from uMlazi system and central water network due to emergency repairs,https://durban.gov.za/press-statement/Water%2Brestrictions%2Bfrom%2BuMlazi%2Bsystem%2Band%2Bcentral%2Bwater%2Bnetwork%2Bdue%2Bto%2Bemergency%2Brepairs,Official eThekwini Municipality public notice / press statement,Factual affected-area event compiled from the cited official municipal notice; not a synthetic observation.
432,E021,2025-01-15,2025,1,eThekwini Metropolitan Municipality,KwaZulu-Natal,South Africa,pipeline_leak_repair,0,Klaarwater,Klaarwater,1,Water restrictions from uMlazi system and central water network due to emergency repairs,https://durban.gov.za/press-statement/Water%2Brestrictions%2Bfrom%2BuMlazi%2Bsystem%2Band%2Bcentral%2Bwater%2Bnetwork%2Bdue%2Bto%2Bemergency%2Brepairs,Official eThekwini Municipality public notice / press statement,Factual affected-area event compiled from the cited official municipal notice; not a synthetic observation.
433,E021,2025-01-15,2025,1,eThekwini Metropolitan Municipality,KwaZulu-Natal,South Africa,pipeline_leak_repair,0,Kwamgaga,Kwamgaga,1,Water restrictions from uMlazi system and central water network due to emergency repairs,https://durban.gov.za/press-statement/Water%2Brestrictions%2Bfrom%2BuMlazi%2Bsystem%2Band%2Bcentral%2Bwater%2Bnetwork%2Bdue%2Bto%2Bemergency%2Brepairs,Official eThekwini Municipality public notice / press statement,Factual affected-area event compiled from the cited official municipal notice; not a synthetic observation.
434,E021,2025-01-15,2025,1,eThekwini Metropolitan Municipality,KwaZulu-Natal,South Africa,pipeline_leak_repair,0,Malvern,Malvern,1,Water restrictions from uMlazi system and central water network due to emergency repairs,https://durban.gov.za/press-statement/Water%2Brestrictions%2Bfrom%2BuMlazi%2Bsystem%2Band%2Bcentral%2Bwater%2Bnetwork%2Bdue%2Bto%2Bemergency%2Brepairs,Official eThekwini Municipality public notice / press statement,Factual affected-area event compiled from the cited official municipal notice; not a synthetic observation.
435,E021,2025-01-15,2025,1,eThekwini Metropolitan Municipality,KwaZulu-Natal,South Africa,pipeline_leak_repair,0,Mariann Industrial Park,Mariann Industrial Park,1,Water restrictions from uMlazi system and central water network due to emergency repairs,https://durban.gov.za/press-statement/Water%2Brestrictions%2Bfrom%2BuMlazi%2Bsystem%2Band%2Bcentral%2Bwater%2Bnetwork%2Bdue%2Bto%2Bemergency%2Brepairs,Official eThekwini Municipality public notice / press statement,Factual affected-area event compiled from the cited official municipal notice; not a synthetic observation.
436,E021,2025-01-15,2025,1,eThekwini Metropolitan Municipality,KwaZulu-Natal,South Africa,pipeline_leak_repair,0,Memorial Park,Memorial Park,1,Water restrictions from uMlazi system and central water network due to emergency repairs,https://durban.gov.za/press-statement/Water%2Brestrictions%2Bfrom%2BuMlazi%2Bsystem%2Band%2Bcentral%2Bwater%2Bnetwork%2Bdue%2Bto%2Bemergency%2Brepairs,Official eThekwini Municipality public notice / press statement,Factual affected-area event compiled from the cited official municipal notice; not a synthetic observation.
437,E021,2025-01-15,2025,1,eThekwini Metropolitan Municipality,KwaZulu-Natal,South Africa,pipeline_leak_repair,0,Mobeni Heights,Mobeni Heights,1,Water restrictions from uMlazi system and central water network due to emergency repairs,https://durban.gov.za/press-statement/Water%2Brestrictions%2Bfrom%2BuMlazi%2Bsystem%2Band%2Bcentral%2Bwater%2Bnetwork%2Bdue%2Bto%2Bemergency%2Brepairs,Official eThekwini Municipality public notice / press statement,Factual affected-area event compiled from the cited official municipal notice; not a synthetic observation.
438,E021,2025-01-15,2025,1,eThekwini Metropolitan Municipality,KwaZulu-Natal,South Africa,pipeline_leak_repair,0,Montford,Montford,1,Water restrictions from uMlazi system and central water network due to emergency repairs,https://durban.gov.za/press-statement/Water%2Brestrictions%2Bfrom%2BuMlazi%2Bsystem%2Band%2Bcentral%2Bwater%2Bnetwork%2Bdue%2Bto%2Bemergency%2Brepairs,Official eThekwini Municipality public notice / press statement,Factual affected-area event compiled from the cited official municipal notice; not a synthetic observation.
439,E021,2025-01-15,2025,1,eThekwini Metropolitan Municipality,KwaZulu-Natal,South Africa,pipeline_leak_repair,0,Moorton,Moorton,1,Water restrictions from uMlazi system and central water network due to emergency repairs,https://durban.gov.za/press-statement/Water%2Brestrictions%2Bfrom%2BuMlazi%2Bsystem%2Band%2Bcentral%2Bwater%2Bnetwork%2Bdue%2Bto%2Bemergency%2Brepairs,Official eThekwini Municipality public notice / press statement,Factual affected-area event compiled from the cited official municipal notice; not a synthetic observation.
440,E021,2025-01-15,2025,1,eThekwini Metropolitan Municipality,KwaZulu-Natal,South Africa,pipeline_leak_repair,0,Moseley Park,Moseley Park,1,Water restrictions from uMlazi system and central water network due to emergency repairs,https://durban.gov.za/press-statement/Water%2Brestrictions%2Bfrom%2BuMlazi%2Bsystem%2Band%2Bcentral%2Bwater%2Bnetwork%2Bdue%2Bto%2Bemergency%2Brepairs,Official eThekwini Municipality public notice / press statement,Factual affected-area event compiled from the cited official municipal notice; not a synthetic observation.
441,E021,2025-01-15,2025,1,eThekwini Metropolitan Municipality,KwaZulu-Natal,South Africa,pipeline_leak_repair,0,Mount Vernon,Mount Vernon,1,Water restrictions from uMlazi system and central water network due to emergency repairs,https://durban.gov.za/press-statement/Water%2Brestrictions%2Bfrom%2BuMlazi%2Bsystem%2Band%2Bcentral%2Bwater%2Bnetwork%2Bdue%2Bto%2Bemergency%2Brepairs,Official eThekwini Municipality public notice / press statement,Factual affected-area event compiled from the cited official municipal notice; not a synthetic observation.
442,E021,2025-01-15,2025,1,eThekwini Metropolitan Municipality,KwaZulu-Natal,South Africa,pipeline_leak_repair,0,Northdene,Northdene,1,Water restrictions from uMlazi system and central water network due to emergency repairs,https://durban.gov.za/press-statement/Water%2Brestrictions%2Bfrom%2BuMlazi%2Bsystem%2Band%2Bcentral%2Bwater%2Bnetwork%2Bdue%2Bto%2Bemergency%2Brepairs,Official eThekwini Municipality public notice / press statement,Factual affected-area event compiled from the cited official municipal notice; not a synthetic observation.
443,E021,2025-01-15,2025,1,eThekwini Metropolitan Municipality,KwaZulu-Natal,South Africa,pipeline_leak_repair,0,Queensburgh,Queensburgh,1,Water restrictions from uMlazi system and central water network due to emergency repairs,https://durban.gov.za/press-statement/Water%2Brestrictions%2Bfrom%2BuMlazi%2Bsystem%2Band%2Bcentral%2Bwater%2Bnetwork%2Bdue%2Bto%2Bemergency%2Brepairs,Official eThekwini Municipality public notice / press statement,Factual affected-area event compiled from the cited official municipal notice; not a synthetic observation.
444,E021,2025-01-15,2025,1,eThekwini Metropolitan Municipality,KwaZulu-Natal,South Africa,pipeline_leak_repair,0,Queensmead Industrial,Queensmead Industrial,1,Water restrictions from uMlazi system and central water network due to emergency repairs,https://durban.gov.za/press-statement/Water%2Brestrictions%2Bfrom%2BuMlazi%2Bsystem%2Band%2Bcentral%2Bwater%2Bnetwork%2Bdue%2Bto%2Bemergency%2Brepairs,Official eThekwini Municipality public notice / press statement,Factual affected-area event compiled from the cited official municipal notice; not a synthetic observation.
445,E021,2025-01-15,2025,1,eThekwini Metropolitan Municipality,KwaZulu-Natal,South Africa,pipeline_leak_repair,0,Risecliff,Risecliff,1,Water restrictions from uMlazi system and central water network due to emergency repairs,https://durban.gov.za/press-statement/Water%2Brestrictions%2Bfrom%2BuMlazi%2Bsystem%2Band%2Bcentral%2Bwater%2Bnetwork%2Bdue%2Bto%2Bemergency%2Brepairs,Official eThekwini Municipality public notice / press statement,Factual affected-area event compiled from the cited official municipal notice; not a synthetic observation.
446,E021,2025-01-15,2025,1,eThekwini Metropolitan Municipality,KwaZulu-Natal,South Africa,pipeline_leak_repair,0,Savannah Park,Savannah Park,1,Water restrictions from uMlazi system and central water network due to emergency repairs,https://durban.gov.za/press-statement/Water%2Brestrictions%2Bfrom%2BuMlazi%2Bsystem%2Band%2Bcentral%2Bwater%2Bnetwork%2Bdue%2Bto%2Bemergency%2Brepairs,Official eThekwini Municipality public notice / press statement,Factual affected-area event compiled from the cited official municipal notice; not a synthetic observation.
447,E021,2025-01-15,2025,1,eThekwini Metropolitan Municipality,KwaZulu-Natal,South Africa,pipeline_leak_repair,0,Shallcross,Shallcross,1,Water restrictions from uMlazi system and central water network due to emergency repairs,https://durban.gov.za/press-statement/Water%2Brestrictions%2Bfrom%2BuMlazi%2Bsystem%2Band%2Bcentral%2Bwater%2Bnetwork%2Bdue%2Bto%2Bemergency%2Brepairs,Official eThekwini Municipality public notice / press statement,Factual affected-area event compiled from the cited official municipal notice; not a synthetic observation.
448,E021,2025-01-15,2025,1,eThekwini Metropolitan Municipality,KwaZulu-Natal,South Africa,pipeline_leak_repair,0,Silverglen,Silverglen,1,Water restrictions from uMlazi system and central water network due to emergency repairs,https://durban.gov.za/press-statement/Water%2Brestrictions%2Bfrom%2BuMlazi%2Bsystem%2Band%2Bcentral%2Bwater%2Bnetwork%2Bdue%2Bto%2Bemergency%2Brepairs,Official eThekwini Municipality public notice / press statement,Factual affected-area event compiled from the cited official municipal notice; not a synthetic observation.
449,E021,2025-01-15,2025,1,eThekwini Metropolitan Municipality,KwaZulu-Natal,South Africa,pipeline_leak_repair,0,St Wendolins Ridge,St Wendolins Ridge,1,Water restrictions from uMlazi system and central water network due to emergency repairs,https://durban.gov.za/press-statement/Water%2Brestrictions%2Bfrom%2BuMlazi%2Bsystem%2Band%2Bcentral%2Bwater%2Bnetwork%2Bdue%2Bto%2Bemergency%2Brepairs,Official eThekwini Municipality public notice / press statement,Factual affected-area event compiled from the cited official municipal notice; not a synthetic observation.
450,E021,2025-01-15,2025,1,eThekwini Metropolitan Municipality,KwaZulu-Natal,South Africa,pipeline_leak_repair,0,Umhlatuzana,Umhlatuzana,1,Water restrictions from uMlazi system and central water network due to emergency repairs,https://durban.gov.za/press-statement/Water%2Brestrictions%2Bfrom%2BuMlazi%2Bsystem%2Band%2Bcentral%2Bwater%2Bnetwork%2Bdue%2Bto%2Bemergency%2Brepairs,Official eThekwini Municipality public notice / press statement,Factual affected-area event compiled from the cited official municipal notice; not a synthetic observation.
451,E021,2025-01-15,2025,1,eThekwini Metropolitan Municipality,KwaZulu-Natal,South Africa,pipeline_leak_repair,0,Welbedacht East,Welbedacht East,1,Water restrictions from uMlazi system and central water network due to emergency repairs,https://durban.gov.za/press-statement/Water%2Brestrictions%2Bfrom%2BuMlazi%2Bsystem%2Band%2Bcentral%2Bwater%2Bnetwork%2Bdue%2Bto%2Bemergency%2Brepairs,Official eThekwini Municipality public notice / press statement,Factual affected-area event compiled from the cited official municipal notice; not a synthetic observation.
452,E021,2025-01-15,2025,1,eThekwini Metropolitan Municipality,KwaZulu-Natal,South Africa,pipeline_leak_repair,0,Welbedacht West,Welbedacht West,1,Water restrictions from uMlazi system and central water network due to emergency repairs,https://durban.gov.za/press-statement/Water%2Brestrictions%2Bfrom%2BuMlazi%2Bsystem%2Band%2Bcentral%2Bwater%2Bnetwork%2Bdue%2Bto%2Bemergency%2Brepairs,Official eThekwini Municipality public notice / press statement,Factual affected-area event compiled from the cited official municipal notice; not a synthetic observation.
453,E021,2025-01-15,2025,1,eThekwini Metropolitan Municipality,KwaZulu-Natal,South Africa,pipeline_leak_repair,0,Westcliff,Westcliff,1,Water restrictions from uMlazi system and central water network due to emergency repairs,https://durban.gov.za/press-statement/Water%2Brestrictions%2Bfrom%2BuMlazi%2Bsystem%2Band%2Bcentral%2Bwater%2Bnetwork%2Bdue%2Bto%2Bemergency%2Brepairs,Official eThekwini Municipality public notice / press statement,Factual affected-area event compiled from the cited official municipal notice; not a synthetic observation.
454,E021,2025-01-15,2025,1,eThekwini Metropolitan Municipality,KwaZulu-Natal,South Africa,pipeline_leak_repair,0,Woodhurst,Woodhurst,1,Water restrictions from uMlazi system and central water network due to emergency repairs,https://durban.gov.za/press-statement/Water%2Brestrictions%2Bfrom%2BuMlazi%2Bsystem%2Band%2Bcentral%2Bwater%2Bnetwork%2Bdue%2Bto%2Bemergency%2Brepairs,Official eThekwini Municipality public notice / press statement,Factual affected-area event compiled from the cited official municipal notice; not a synthetic observation.
455,E021,2025-01-15,2025,1,eThekwini Metropolitan Municipality,KwaZulu-Natal,South Africa,pipeline_leak_repair,0,Woodlands,Woodlands,1,Water restrictions from uMlazi system and central water network due to emergency repairs,https://durban.gov.za/press-statement/Water%2Brestrictions%2Bfrom%2BuMlazi%2Bsystem%2Band%2Bcentral%2Bwater%2Bnetwork%2Bdue%2Bto%2Bemergency%2Brepairs,Official eThekwini Municipality public notice / press statement,Factual affected-area event compiled from the cited official municipal notice; not a synthetic observation.
456,E021,2025-01-15,2025,1,eThekwini Metropolitan Municipality,KwaZulu-Natal,South Africa,pipeline_leak_repair,0,Yellowwood Park,Yellowwood Park,1,Water restrictions from uMlazi system and central water network due to emergency repairs,https://durban.gov.za/press-statement/Water%2Brestrictions%2Bfrom%2BuMlazi%2Bsystem%2Band%2Bcentral%2Bwater%2Bnetwork%2Bdue%2Bto%2Bemergency%2Brepairs,Official eThekwini Municipality public notice / press statement,Factual affected-area event compiled from the cited official municipal notice; not a synthetic observation.
457,E022,2025-05-06,2025,5,eThekwini Metropolitan Municipality,KwaZulu-Natal,South Africa,planned_pumpstation_shutdown,1,Ntuzuma A,Ntuzuma A,1,Planned Interruption of Water Supply In Areas Supplied Through The Ntuzuma 2 Pumpstation,https://www.durban.gov.za/press-statement/Planned%2Binterruption%2Bof%2Bwater%2Bsupply%2Bin%2Bareas%2Bsupplied%2Bthrough%2Bthe%2BNtuzuma%2B2%2Bpumpstation,Official eThekwini Municipality public notice / press statement,Factual affected-area event compiled from the cited official municipal notice; not a synthetic observation.
458,E022,2025-05-06,2025,5,eThekwini Metropolitan Municipality,KwaZulu-Natal,South Africa,planned_pumpstation_shutdown,1,Ntuzuma B,Ntuzuma B,1,Planned Interruption of Water Supply In Areas Supplied Through The Ntuzuma 2 Pumpstation,https://www.durban.gov.za/press-statement/Planned%2Binterruption%2Bof%2Bwater%2Bsupply%2Bin%2Bareas%2Bsupplied%2Bthrough%2Bthe%2BNtuzuma%2B2%2Bpumpstation,Official eThekwini Municipality public notice / press statement,Factual affected-area event compiled from the cited official municipal notice; not a synthetic observation.
459,E022,2025-05-06,2025,5,eThekwini Metropolitan Municipality,KwaZulu-Natal,South Africa,planned_pumpstation_shutdown,1,Ntuzuma C,Ntuzuma C,1,Planned Interruption of Water Supply In Areas Supplied Through The Ntuzuma 2 Pumpstation,https://www.durban.gov.za/press-statement/Planned%2Binterruption%2Bof%2Bwater%2Bsupply%2Bin%2Bareas%2Bsupplied%2Bthrough%2Bthe%2BNtuzuma%2B2%2Bpumpstation,Official eThekwini Municipality public notice / press statement,Factual affected-area event compiled from the cited official municipal notice; not a synthetic observation.
460,E022,2025-05-06,2025,5,eThekwini Metropolitan Municipality,KwaZulu-Natal,South Africa,planned_pumpstation_shutdown,1,Ntuzuma D,Ntuzuma D,1,Planned Interruption of Water Supply In Areas Supplied Through The Ntuzuma 2 Pumpstation,https://www.durban.gov.za/press-statement/Planned%2Binterruption%2Bof%2Bwater%2Bsupply%2Bin%2Bareas%2Bsupplied%2Bthrough%2Bthe%2BNtuzuma%2B2%2Bpumpstation,Official eThekwini Municipality public notice / press statement,Factual affected-area event compiled from the cited official municipal notice; not a synthetic observation.
461,E022,2025-05-06,2025,5,eThekwini Metropolitan Municipality,KwaZulu-Natal,South Africa,planned_pumpstation_shutdown,1,Ntuzuma E,Ntuzuma E,1,Planned Interruption of Water Supply In Areas Supplied Through The Ntuzuma 2 Pumpstation,https://www.durban.gov.za/press-statement/Planned%2Binterruption%2Bof%2Bwater%2Bsupply%2Bin%2Bareas%2Bsupplied%2Bthrough%2Bthe%2BNtuzuma%2B2%2Bpumpstation,Official eThekwini Municipality public notice / press statement,Factual affected-area event compiled from the cited official municipal notice; not a synthetic observation.
462,E022,2025-05-06,2025,5,eThekwini Metropolitan Municipality,KwaZulu-Natal,South Africa,planned_pumpstation_shutdown,1,Ntuzuma F,Ntuzuma F,1,Planned Interruption of Water Supply In Areas Supplied Through The Ntuzuma 2 Pumpstation,https://www.durban.gov.za/press-statement/Planned%2Binterruption%2Bof%2Bwater%2Bsupply%2Bin%2Bareas%2Bsupplied%2Bthrough%2Bthe%2BNtuzuma%2B2%2Bpumpstation,Official eThekwini Municipality public notice / press statement,Factual affected-area event compiled from the cited official municipal notice; not a synthetic observation.
463,E022,2025-05-06,2025,5,eThekwini Metropolitan Municipality,KwaZulu-Natal,South Africa,planned_pumpstation_shutdown,1,Ntuzuma G,Ntuzuma G,1,Planned Interruption of Water Supply In Areas Supplied Through The Ntuzuma 2 Pumpstation,https://www.durban.gov.za/press-statement/Planned%2Binterruption%2Bof%2Bwater%2Bsupply%2Bin%2Bareas%2Bsupplied%2Bthrough%2Bthe%2BNtuzuma%2B2%2Bpumpstation,Official eThekwini Municipality public notice / press statement,Factual affected-area event compiled from the cited official municipal notice; not a synthetic observation.
464,E022,2025-05-06,2025,5,eThekwini Metropolitan Municipality,KwaZulu-Natal,South Africa,planned_pumpstation_shutdown,1,Ntuzuma H,Ntuzuma H,1,Planned Interruption of Water Supply In Areas Supplied Through The Ntuzuma 2 Pumpstation,https://www.durban.gov.za/press-statement/Planned%2Binterruption%2Bof%2Bwater%2Bsupply%2Bin%2Bareas%2Bsupplied%2Bthrough%2Bthe%2BNtuzuma%2B2%2Bpumpstation,Official eThekwini Municipality public notice / press statement,Factual affected-area event compiled from the cited official municipal notice; not a synthetic observation.
465,E022,2025-05-06,2025,5,eThekwini Metropolitan Municipality,KwaZulu-Natal,South Africa,planned_pumpstation_shutdown,1,Richmond Farm,Richmond Farm,1,Planned Interruption of Water Supply In Areas Supplied Through The Ntuzuma 2 Pumpstation,https://www.durban.gov.za/press-statement/Planned%2Binterruption%2Bof%2Bwater%2Bsupply%2Bin%2Bareas%2Bsupplied%2Bthrough%2Bthe%2BNtuzuma%2B2%2Bpumpstation,Official eThekwini Municipality public notice / press statement,Factual affected-area event compiled from the cited official municipal notice; not a synthetic observation.
466,E022,2025-05-06,2025,5,eThekwini Metropolitan Municipality,KwaZulu-Natal,South Africa,planned_pumpstation_shutdown,1,Bester,Bester,1,Planned Interruption of Water Supply In Areas Supplied Through The Ntuzuma 2 Pumpstation,https://www.durban.gov.za/press-statement/Planned%2Binterruption%2Bof%2Bwater%2Bsupply%2Bin%2Bareas%2Bsupplied%2Bthrough%2Bthe%2BNtuzuma%2B2%2Bpumpstation,Official eThekwini Municipality public notice / press statement,Factual affected-area event compiled from the cited official municipal notice; not a synthetic observation.
467,E022,2025-05-06,2025,5,eThekwini Metropolitan Municipality,KwaZulu-Natal,South Africa,planned_pumpstation_shutdown,1,Ezimangweni,Ezimangweni,1,Planned Interruption of Water Supply In Areas Supplied Through The Ntuzuma 2 Pumpstation,https://www.durban.gov.za/press-statement/Planned%2Binterruption%2Bof%2Bwater%2Bsupply%2Bin%2Bareas%2Bsupplied%2Bthrough%2Bthe%2BNtuzuma%2B2%2Bpumpstation,Official eThekwini Municipality public notice / press statement,Factual affected-area event compiled from the cited official municipal notice; not a synthetic observation.
468,E022,2025-05-06,2025,5,eThekwini Metropolitan Municipality,KwaZulu-Natal,South Africa,planned_pumpstation_shutdown,1,Inhlungwana,Inhlungwana,1,Planned Interruption of Water Supply In Areas Supplied Through The Ntuzuma 2 Pumpstation,https://www.durban.gov.za/press-statement/Planned%2Binterruption%2Bof%2Bwater%2Bsupply%2Bin%2Bareas%2Bsupplied%2Bthrough%2Bthe%2BNtuzuma%2B2%2Bpumpstation,Official eThekwini Municipality public notice / press statement,Factual affected-area event compiled from the cited official municipal notice; not a synthetic observation.
469,E022,2025-05-06,2025,5,eThekwini Metropolitan Municipality,KwaZulu-Natal,South Africa,planned_pumpstation_shutdown,1,Mzomusha,Mzomusha,1,Planned Interruption of Water Supply In Areas Supplied Through The Ntuzuma 2 Pumpstation,https://www.durban.gov.za/press-statement/Planned%2Binterruption%2Bof%2Bwater%2Bsupply%2Bin%2Bareas%2Bsupplied%2Bthrough%2Bthe%2BNtuzuma%2B2%2Bpumpstation,Official eThekwini Municipality public notice / press statement,Factual affected-area event compiled from the cited official municipal notice; not a synthetic observation.
470,E022,2025-05-06,2025,5,eThekwini Metropolitan Municipality,KwaZulu-Natal,South Africa,planned_pumpstation_shutdown,1,Inanda New Town A,Inanda New Town A,1,Planned Interruption of Water Supply In Areas Supplied Through The Ntuzuma 2 Pumpstation,https://www.durban.gov.za/press-statement/Planned%2Binterruption%2Bof%2Bwater%2Bsupply%2Bin%2Bareas%2Bsupplied%2Bthrough%2Bthe%2BNtuzuma%2B2%2Bpumpstation,Official eThekwini Municipality public notice / press statement,Factual affected-area event compiled from the cited official municipal notice; not a synthetic observation.
471,E022,2025-05-06,2025,5,eThekwini Metropolitan Municipality,KwaZulu-Natal,South Africa,planned_pumpstation_shutdown,1,Inanda New Town B,Inanda New Town B,1,Planned Interruption of Water Supply In Areas Supplied Through The Ntuzuma 2 Pumpstation,https://www.durban.gov.za/press-statement/Planned%2Binterruption%2Bof%2Bwater%2Bsupply%2Bin%2Bareas%2Bsupplied%2Bthrough%2Bthe%2BNtuzuma%2B2%2Bpumpstation,Official eThekwini Municipality public notice / press statement,Factual affected-area event compiled from the cited official municipal notice; not a synthetic observation.
472,E022,2025-05-06,2025,5,eThekwini Metropolitan Municipality,KwaZulu-Natal,South Africa,planned_pumpstation_shutdown,1,Inanda New Town C,Inanda New Town C,1,Planned Interruption of Water Supply In Areas Supplied Through The Ntuzuma 2 Pumpstation,https://www.durban.gov.za/press-statement/Planned%2Binterruption%2Bof%2Bwater%2Bsupply%2Bin%2Bareas%2Bsupplied%2Bthrough%2Bthe%2BNtuzuma%2B2%2Bpumpstation,Official eThekwini Municipality public notice / press statement,Factual affected-area event compiled from the cited official municipal notice; not a synthetic observation.
473,E022,2025-05-06,2025,5,eThekwini Metropolitan Municipality,KwaZulu-Natal,South Africa,planned_pumpstation_shutdown,1,Inanda,Inanda,1,Planned Interruption of Water Supply In Areas Supplied Through The Ntuzuma 2 Pumpstation,https://www.durban.gov.za/press-statement/Planned%2Binterruption%2Bof%2Bwater%2Bsupply%2Bin%2Bareas%2Bsupplied%2Bthrough%2Bthe%2BNtuzuma%2B2%2Bpumpstation,Official eThekwini Municipality public notice / press statement,Factual affected-area event compiled from the cited official municipal notice; not a synthetic observation.
474,E022,2025-05-06,2025,5,eThekwini Metropolitan Municipality,KwaZulu-Natal,South Africa,planned_pumpstation_shutdown,1,Sowetho,Sowetho,1,Planned Interruption of Water Supply In Areas Supplied Through The Ntuzuma 2 Pumpstation,https://www.durban.gov.za/press-statement/Planned%2Binterruption%2Bof%2Bwater%2Bsupply%2Bin%2Bareas%2Bsupplied%2Bthrough%2Bthe%2BNtuzuma%2B2%2Bpumpstation,Official eThekwini Municipality public notice / press statement,Factual affected-area event compiled from the cited official municipal notice; not a synthetic observation.
475,E022,2025-05-06,2025,5,eThekwini Metropolitan Municipality,KwaZulu-Natal,South Africa,planned_pumpstation_shutdown,1,KwaMashu M-Section,KwaMashu M-Section,1,Planned Interruption of Water Supply In Areas Supplied Through The Ntuzuma 2 Pumpstation,https://www.durban.gov.za/press-statement/Planned%2Binterruption%2Bof%2Bwater%2Bsupply%2Bin%2Bareas%2Bsupplied%2Bthrough%2Bthe%2BNtuzuma%2B2%2Bpumpstation,Official eThekwini Municipality public notice / press statement,Factual affected-area event compiled from the cited official municipal notice; not a synthetic observation.
476,E023,2025-12-01,2025,12,eThekwini Metropolitan Municipality,KwaZulu-Natal,South Africa,water_quality_alert,0,Athlone Park,Athlone Park,1,City Provides Clarity About The Boil Water Notice,https://www.durban.gov.za/press-statement/City%2BProvides%2BClarity%2BAbout%2BThe%2BBoil%2BWater%2BNotice,Official eThekwini Municipality public notice / press statement,Factual affected-area event compiled from the cited official municipal notice; not a synthetic observation.
477,E023,2025-12-01,2025,12,eThekwini Metropolitan Municipality,KwaZulu-Natal,South Africa,water_quality_alert,0,Galleria Mall,Galleria Mall,1,City Provides Clarity About The Boil Water Notice,https://www.durban.gov.za/press-statement/City%2BProvides%2BClarity%2BAbout%2BThe%2BBoil%2BWater%2BNotice,Official eThekwini Municipality public notice / press statement,Factual affected-area event compiled from the cited official municipal notice; not a synthetic observation.
478,E023,2025-12-01,2025,12,eThekwini Metropolitan Municipality,KwaZulu-Natal,South Africa,water_quality_alert,0,Arbour Crossing,Arbour Crossing,1,City Provides Clarity About The Boil Water Notice,https://www.durban.gov.za/press-statement/City%2BProvides%2BClarity%2BAbout%2BThe%2BBoil%2BWater%2BNotice,Official eThekwini Municipality public notice / press statement,Factual affected-area event compiled from the cited official municipal notice; not a synthetic observation.
479,E023,2025-12-01,2025,12,eThekwini Metropolitan Municipality,KwaZulu-Natal,South Africa,water_quality_alert,0,Kingsway Hospital,Kingsway Hospital,1,City Provides Clarity About The Boil Water Notice,https://www.durban.gov.za/press-statement/City%2BProvides%2BClarity%2BAbout%2BThe%2BBoil%2BWater%2BNotice,Official eThekwini Municipality public notice / press statement,Factual affected-area event compiled from the cited official municipal notice; not a synthetic observation.
480,E024,2026-01-25,2026,1,eThekwini Metropolitan Municipality,KwaZulu-Natal,South Africa,planned_aqueduct_shutdown,1,Bayview,Bayview,1,Planned Shutdown Of The Southern Aqueduct,https://www.durban.gov.za/press-statement/planned-shutdown-of-the-southern-aqueduct,Official eThekwini Municipality public notice / press statement,Factual affected-area event compiled from the cited official municipal notice; not a synthetic observation.
481,E024,2026-01-25,2026,1,eThekwini Metropolitan Municipality,KwaZulu-Natal,South Africa,planned_aqueduct_shutdown,1,Coedmore,Coedmore,1,Planned Shutdown Of The Southern Aqueduct,https://www.durban.gov.za/press-statement/planned-shutdown-of-the-southern-aqueduct,Official eThekwini Municipality public notice / press statement,Factual affected-area event compiled from the cited official municipal notice; not a synthetic observation.
482,E024,2026-01-25,2026,1,eThekwini Metropolitan Municipality,KwaZulu-Natal,South Africa,planned_aqueduct_shutdown,1,Havenside,Havenside,1,Planned Shutdown Of The Southern Aqueduct,https://www.durban.gov.za/press-statement/planned-shutdown-of-the-southern-aqueduct,Official eThekwini Municipality public notice / press statement,Factual affected-area event compiled from the cited official municipal notice; not a synthetic observation.
483,E024,2026-01-25,2026,1,eThekwini Metropolitan Municipality,KwaZulu-Natal,South Africa,planned_aqueduct_shutdown,1,Phumphele,Phumphele,1,Planned Shutdown Of The Southern Aqueduct,https://www.durban.gov.za/press-statement/planned-shutdown-of-the-southern-aqueduct,Official eThekwini Municipality public notice / press statement,Factual affected-area event compiled from the cited official municipal notice; not a synthetic observation.
484,E024,2026-01-25,2026,1,eThekwini Metropolitan Municipality,KwaZulu-Natal,South Africa,planned_aqueduct_shutdown,1,Umhlathuzana,Umhlathuzana,1,Planned Shutdown Of The Southern Aqueduct,https://www.durban.gov.za/press-statement/planned-shutdown-of-the-southern-aqueduct,Official eThekwini Municipality public notice / press statement,Factual affected-area event compiled from the cited official municipal notice; not a synthetic observation.
485,E024,2026-01-25,2026,1,eThekwini Metropolitan Municipality,KwaZulu-Natal,South Africa,planned_aqueduct_shutdown,1,Woodhurst,Woodhurst,1,Planned Shutdown Of The Southern Aqueduct,https://www.durban.gov.za/press-statement/planned-shutdown-of-the-southern-aqueduct,Official eThekwini Municipality public notice / press statement,Factual affected-area event compiled from the cited official municipal notice; not a synthetic observation.
486,E024,2026-01-25,2026,1,eThekwini Metropolitan Municipality,KwaZulu-Natal,South Africa,planned_aqueduct_shutdown,1,Woodlands,Woodlands,1,Planned Shutdown Of The Southern Aqueduct,https://www.durban.gov.za/press-statement/planned-shutdown-of-the-southern-aqueduct,Official eThekwini Municipality public notice / press statement,Factual affected-area event compiled from the cited official municipal notice; not a synthetic observation.
487,E024,2026-01-25,2026,1,eThekwini Metropolitan Municipality,KwaZulu-Natal,South Africa,planned_aqueduct_shutdown,1,Yellowwood Park,Yellowwood Park,1,Planned Shutdown Of The Southern Aqueduct,https://www.durban.gov.za/press-statement/planned-shutdown-of-the-southern-aqueduct,Official eThekwini Municipality public notice / press statement,Factual affected-area event compiled from the cited official municipal notice; not a synthetic observation.
488,E025,2026-02-06,2026,2,eThekwini Metropolitan Municipality,KwaZulu-Natal,South Africa,heatwave_high_demand,0,Bonela,Bonela,1,Ongoing Heatwave Causing High Water Demand,https://durban.gov.za/press-statement/ongoing-heatwave-causing-high-water-demand,Official eThekwini Municipality public notice / press statement,Factual affected-area event compiled from the cited official municipal notice; not a synthetic observation.
489,E025,2026-02-06,2026,2,eThekwini Metropolitan Municipality,KwaZulu-Natal,South Africa,heatwave_high_demand,0,Briardene,Briardene,1,Ongoing Heatwave Causing High Water Demand,https://durban.gov.za/press-statement/ongoing-heatwave-causing-high-water-demand,Official eThekwini Municipality public notice / press statement,Factual affected-area event compiled from the cited official municipal notice; not a synthetic observation.
490,E025,2026-02-06,2026,2,eThekwini Metropolitan Municipality,KwaZulu-Natal,South Africa,heatwave_high_demand,0,Clare Estate,Clare Estate,1,Ongoing Heatwave Causing High Water Demand,https://durban.gov.za/press-statement/ongoing-heatwave-causing-high-water-demand,Official eThekwini Municipality public notice / press statement,Factual affected-area event compiled from the cited official municipal notice; not a synthetic observation.
491,E025,2026-02-06,2026,2,eThekwini Metropolitan Municipality,KwaZulu-Natal,South Africa,heatwave_high_demand,0,Clare Hills,Clare Hills,1,Ongoing Heatwave Causing High Water Demand,https://durban.gov.za/press-statement/ongoing-heatwave-causing-high-water-demand,Official eThekwini Municipality public notice / press statement,Factual affected-area event compiled from the cited official municipal notice; not a synthetic observation.
492,E025,2026-02-06,2026,2,eThekwini Metropolitan Municipality,KwaZulu-Natal,South Africa,heatwave_high_demand,0,Garden Park,Garden Park,1,Ongoing Heatwave Causing High Water Demand,https://durban.gov.za/press-statement/ongoing-heatwave-causing-high-water-demand,Official eThekwini Municipality public notice / press statement,Factual affected-area event compiled from the cited official municipal notice; not a synthetic observation.
493,E025,2026-02-06,2026,2,eThekwini Metropolitan Municipality,KwaZulu-Natal,South Africa,heatwave_high_demand,0,Morningside,Morningside,1,Ongoing Heatwave Causing High Water Demand,https://durban.gov.za/press-statement/ongoing-heatwave-causing-high-water-demand,Official eThekwini Municipality public notice / press statement,Factual affected-area event compiled from the cited official municipal notice; not a synthetic observation.
494,E025,2026-02-06,2026,2,eThekwini Metropolitan Municipality,KwaZulu-Natal,South Africa,heatwave_high_demand,0,Musgrave,Musgrave,1,Ongoing Heatwave Causing High Water Demand,https://durban.gov.za/press-statement/ongoing-heatwave-causing-high-water-demand,Official eThekwini Municipality public notice / press statement,Factual affected-area event compiled from the cited official municipal notice; not a synthetic observation.
495,E025,2026-02-06,2026,2,eThekwini Metropolitan Municipality,KwaZulu-Natal,South Africa,heatwave_high_demand,0,Palmiet,Palmiet,1,Ongoing Heatwave Causing High Water Demand,https://durban.gov.za/press-statement/ongoing-heatwave-causing-high-water-demand,Official eThekwini Municipality public notice / press statement,Factual affected-area event compiled from the cited official municipal notice; not a synthetic observation.
496,E025,2026-02-06,2026,2,eThekwini Metropolitan Municipality,KwaZulu-Natal,South Africa,heatwave_high_demand,0,Sherwood,Sherwood,1,Ongoing Heatwave Causing High Water Demand,https://durban.gov.za/press-statement/ongoing-heatwave-causing-high-water-demand,Official eThekwini Municipality public notice / press statement,Factual affected-area event compiled from the cited official municipal notice; not a synthetic observation.
497,E025,2026-02-06,2026,2,eThekwini Metropolitan Municipality,KwaZulu-Natal,South Africa,heatwave_high_demand,0,Sparks,Sparks,1,Ongoing Heatwave Causing High Water Demand,https://durban.gov.za/press-statement/ongoing-heatwave-causing-high-water-demand,Official eThekwini Municipality public notice / press statement,Factual affected-area event compiled from the cited official municipal notice; not a synthetic observation.
498,E025,2026-02-06,2026,2,eThekwini Metropolitan Municipality,KwaZulu-Natal,South Africa,heatwave_high_demand,0,Springfield,Springfield,1,Ongoing Heatwave Causing High Water Demand,https://durban.gov.za/press-statement/ongoing-heatwave-causing-high-water-demand,Official eThekwini Municipality public notice / press statement,Factual affected-area event compiled from the cited official municipal notice; not a synthetic observation.
499,E025,2026-02-06,2026,2,eThekwini Metropolitan Municipality,KwaZulu-Natal,South Africa,heatwave_high_demand,0,Springfield Flats,Springfield Flats,1,Ongoing Heatwave Causing High Water Demand,https://durban.gov.za/press-statement/ongoing-heatwave-causing-high-water-demand,Official eThekwini Municipality public notice / press statement,Factual affected-area event compiled from the cited official municipal notice; not a synthetic observation.
500,E025,2026-02-06,2026,2,eThekwini Metropolitan Municipality,KwaZulu-Natal,South Africa,heatwave_high_demand,0,Sydenham,Sydenham,1,Ongoing Heatwave Causing High Water Demand,https://durban.gov.za/press-statement/ongoing-heatwave-causing-high-water-demand,Official eThekwini Municipality public notice / press statement,Factual affected-area event compiled from the cited official municipal notice; not a synthetic observation.
501,E025,2026-02-06,2026,2,eThekwini Metropolitan Municipality,KwaZulu-Natal,South Africa,heatwave_high_demand,0,Waterval Park,Waterval Park,1,Ongoing Heatwave Causing High Water Demand,https://durban.gov.za/press-statement/ongoing-heatwave-causing-high-water-demand,Official eThekwini Municipality public notice / press statement,Factual affected-area event compiled from the cited official municipal notice; not a synthetic observation.
502,E025,2026-02-06,2026,2,eThekwini Metropolitan Municipality,KwaZulu-Natal,South Africa,heatwave_high_demand,0,Westridge,Westridge,1,Ongoing Heatwave Causing High Water Demand,https://durban.gov.za/press-statement/ongoing-heatwave-causing-high-water-demand,Official eThekwini Municipality public notice / press statement,Factual affected-area event compiled from the cited official municipal notice; not a synthetic observation.
503,E025,2026-02-06,2026,2,eThekwini Metropolitan Municipality,KwaZulu-Natal,South Africa,heatwave_high_demand,0,Wiggins,Wiggins,1,Ongoing Heatwave Causing High Water Demand,https://durban.gov.za/press-statement/ongoing-heatwave-causing-high-water-demand,Official eThekwini Municipality public notice / press statement,Factual affected-area event compiled from the cited official municipal notice; not a synthetic observation.
504,E025,2026-02-06,2026,2,eThekwini Metropolitan Municipality,KwaZulu-Natal,South Africa,heatwave_high_demand,0,Blackhurst,Blackhurst,1,Ongoing Heatwave Causing High Water Demand,https://durban.gov.za/press-statement/ongoing-heatwave-causing-high-water-demand,Official eThekwini Municipality public notice / press statement,Factual affected-area event compiled from the cited official municipal notice; not a synthetic observation.
505,E025,2026-02-06,2026,2,eThekwini Metropolitan Municipality,KwaZulu-Natal,South Africa,heatwave_high_demand,0,Chesterville,Chesterville,1,Ongoing Heatwave Causing High Water Demand,https://durban.gov.za/press-statement/ongoing-heatwave-causing-high-water-demand,Official eThekwini Municipality public notice / press statement,Factual affected-area event compiled from the cited official municipal notice; not a synthetic observation.
506,E025,2026-02-06,2026,2,eThekwini Metropolitan Municipality,KwaZulu-Natal,South Africa,heatwave_high_demand,0,Bellair,Bellair,1,Ongoing Heatwave Causing High Water Demand,https://durban.gov.za/press-statement/ongoing-heatwave-causing-high-water-demand,Official eThekwini Municipality public notice / press statement,Factual affected-area event compiled from the cited official municipal notice; not a synthetic observation.
507,E025,2026-02-06,2026,2,eThekwini Metropolitan Municipality,KwaZulu-Natal,South Africa,heatwave_high_demand,0,Cato Manor,Cato Manor,1,Ongoing Heatwave Causing High Water Demand,https://durban.gov.za/press-statement/ongoing-heatwave-causing-high-water-demand,Official eThekwini Municipality public notice / press statement,Factual affected-area event compiled from the cited official municipal notice; not a synthetic observation.
508,E025,2026-02-06,2026,2,eThekwini Metropolitan Municipality,KwaZulu-Natal,South Africa,heatwave_high_demand,0,Coedmore,Coedmore,1,Ongoing Heatwave Causing High Water Demand,https://durban.gov.za/press-statement/ongoing-heatwave-causing-high-water-demand,Official eThekwini Municipality public notice / press statement,Factual affected-area event compiled from the cited official municipal notice; not a synthetic observation.
509,E025,2026-02-06,2026,2,eThekwini Metropolitan Municipality,KwaZulu-Natal,South Africa,heatwave_high_demand,0,Hillary,Hillary,1,Ongoing Heatwave Causing High Water Demand,https://durban.gov.za/press-statement/ongoing-heatwave-causing-high-water-demand,Official eThekwini Municipality public notice / press statement,Factual affected-area event compiled from the cited official municipal notice; not a synthetic observation.
510,E025,2026-02-06,2026,2,eThekwini Metropolitan Municipality,KwaZulu-Natal,South Africa,heatwave_high_demand,0,Mount Vernon,Mount Vernon,1,Ongoing Heatwave Causing High Water Demand,https://durban.gov.za/press-statement/ongoing-heatwave-causing-high-water-demand,Official eThekwini Municipality public notice / press statement,Factual affected-area event compiled from the cited official municipal notice; not a synthetic observation.
511,E025,2026-02-06,2026,2,eThekwini Metropolitan Municipality,KwaZulu-Natal,South Africa,heatwave_high_demand,0,Ridgeview,Ridgeview,1,Ongoing Heatwave Causing High Water Demand,https://durban.gov.za/press-statement/ongoing-heatwave-causing-high-water-demand,Official eThekwini Municipality public notice / press statement,Factual affected-area event compiled from the cited official municipal notice; not a synthetic observation.
512,E025,2026-02-06,2026,2,eThekwini Metropolitan Municipality,KwaZulu-Natal,South Africa,heatwave_high_demand,0,Sea View,Sea View,1,Ongoing Heatwave Causing High Water Demand,https://durban.gov.za/press-statement/ongoing-heatwave-causing-high-water-demand,Official eThekwini Municipality public notice / press statement,Factual affected-area event compiled from the cited official municipal notice; not a synthetic observation.
513,E025,2026-02-06,2026,2,eThekwini Metropolitan Municipality,KwaZulu-Natal,South Africa,heatwave_high_demand,0,Umkhumbane,Umkhumbane,1,Ongoing Heatwave Causing High Water Demand,https://durban.gov.za/press-statement/ongoing-heatwave-causing-high-water-demand,Official eThekwini Municipality public notice / press statement,Factual affected-area event compiled from the cited official municipal notice; not a synthetic observation.
514,E025,2026-02-06,2026,2,eThekwini Metropolitan Municipality,KwaZulu-Natal,South Africa,heatwave_high_demand,0,Essenwood,Essenwood,1,Ongoing Heatwave Causing High Water Demand,https://durban.gov.za/press-statement/ongoing-heatwave-causing-high-water-demand,Official eThekwini Municipality public notice / press statement,Factual affected-area event compiled from the cited official municipal notice; not a synthetic observation.
515,E026,2026-03-15,2026,3,eThekwini Metropolitan Municipality,KwaZulu-Natal,South Africa,bulk_supply_failure,0,Aloes,Aloes,1,Update On Repairs To Damaged Valve At Nagle Dam And Impact On Water Supply,https://www.durban.gov.za/press-statement/update-on-repairs-to-damaged-valve-at-nagle-dam-and-impact-on-water-supply,Official eThekwini Municipality public notice / press statement,Factual affected-area event compiled from the cited official municipal notice; not a synthetic observation.
516,E026,2026-03-15,2026,3,eThekwini Metropolitan Municipality,KwaZulu-Natal,South Africa,bulk_supply_failure,0,Avoca,Avoca,1,Update On Repairs To Damaged Valve At Nagle Dam And Impact On Water Supply,https://www.durban.gov.za/press-statement/update-on-repairs-to-damaged-valve-at-nagle-dam-and-impact-on-water-supply,Official eThekwini Municipality public notice / press statement,Factual affected-area event compiled from the cited official municipal notice; not a synthetic observation.
517,E026,2026-03-15,2026,3,eThekwini Metropolitan Municipality,KwaZulu-Natal,South Africa,bulk_supply_failure,0,Phoenix,Phoenix,1,Update On Repairs To Damaged Valve At Nagle Dam And Impact On Water Supply,https://www.durban.gov.za/press-statement/update-on-repairs-to-damaged-valve-at-nagle-dam-and-impact-on-water-supply,Official eThekwini Municipality public notice / press statement,Factual affected-area event compiled from the cited official municipal notice; not a synthetic observation.
518,E026,2026-03-15,2026,3,eThekwini Metropolitan Municipality,KwaZulu-Natal,South Africa,bulk_supply_failure,0,Mount Moriah,Mount Moriah,1,Update On Repairs To Damaged Valve At Nagle Dam And Impact On Water Supply,https://www.durban.gov.za/press-statement/update-on-repairs-to-damaged-valve-at-nagle-dam-and-impact-on-water-supply,Official eThekwini Municipality public notice / press statement,Factual affected-area event compiled from the cited official municipal notice; not a synthetic observation.
519,E026,2026-03-15,2026,3,eThekwini Metropolitan Municipality,KwaZulu-Natal,South Africa,bulk_supply_failure,0,KwaMashu,KwaMashu,1,Update On Repairs To Damaged Valve At Nagle Dam And Impact On Water Supply,https://www.durban.gov.za/press-statement/update-on-repairs-to-damaged-valve-at-nagle-dam-and-impact-on-water-supply,Official eThekwini Municipality public notice / press statement,Factual affected-area event compiled from the cited official municipal notice; not a synthetic observation.
520,E026,2026-03-15,2026,3,eThekwini Metropolitan Municipality,KwaZulu-Natal,South Africa,bulk_supply_failure,0,Ntuzuma,Ntuzuma,1,Update On Repairs To Damaged Valve At Nagle Dam And Impact On Water Supply,https://www.durban.gov.za/press-statement/update-on-repairs-to-damaged-valve-at-nagle-dam-and-impact-on-water-supply,Official eThekwini Municipality public notice / press statement,Factual affected-area event compiled from the cited official municipal notice; not a synthetic observation.
521,E026,2026-03-15,2026,3,eThekwini Metropolitan Municipality,KwaZulu-Natal,South Africa,bulk_supply_failure,0,Inanda,Inanda,1,Update On Repairs To Damaged Valve At Nagle Dam And Impact On Water Supply,https://www.durban.gov.za/press-statement/update-on-repairs-to-damaged-valve-at-nagle-dam-and-impact-on-water-supply,Official eThekwini Municipality public notice / press statement,Factual affected-area event compiled from the cited official municipal notice; not a synthetic observation.
522,E026,2026-03-15,2026,3,eThekwini Metropolitan Municipality,KwaZulu-Natal,South Africa,bulk_supply_failure,0,Mzinyathi,Mzinyathi,1,Update On Repairs To Damaged Valve At Nagle Dam And Impact On Water Supply,https://www.durban.gov.za/press-statement/update-on-repairs-to-damaged-valve-at-nagle-dam-and-impact-on-water-supply,Official eThekwini Municipality public notice / press statement,Factual affected-area event compiled from the cited official municipal notice; not a synthetic observation.
523,E026,2026-03-15,2026,3,eThekwini Metropolitan Municipality,KwaZulu-Natal,South Africa,bulk_supply_failure,0,Etafuleni,Etafuleni,1,Update On Repairs To Damaged Valve At Nagle Dam And Impact On Water Supply,https://www.durban.gov.za/press-statement/update-on-repairs-to-damaged-valve-at-nagle-dam-and-impact-on-water-supply,Official eThekwini Municipality public notice / press statement,Factual affected-area event compiled from the cited official municipal notice; not a synthetic observation.
524,E026,2026-03-15,2026,3,eThekwini Metropolitan Municipality,KwaZulu-Natal,South Africa,bulk_supply_failure,0,Newlands,Newlands,1,Update On Repairs To Damaged Valve At Nagle Dam And Impact On Water Supply,https://www.durban.gov.za/press-statement/update-on-repairs-to-damaged-valve-at-nagle-dam-and-impact-on-water-supply,Official eThekwini Municipality public notice / press statement,Factual affected-area event compiled from the cited official municipal notice; not a synthetic observation.
525,E026,2026-03-15,2026,3,eThekwini Metropolitan Municipality,KwaZulu-Natal,South Africa,bulk_supply_failure,0,Effingham,Effingham,1,Update On Repairs To Damaged Valve At Nagle Dam And Impact On Water Supply,https://www.durban.gov.za/press-statement/update-on-repairs-to-damaged-valve-at-nagle-dam-and-impact-on-water-supply,Official eThekwini Municipality public notice / press statement,Factual affected-area event compiled from the cited official municipal notice; not a synthetic observation.
526,E026,2026-03-15,2026,3,eThekwini Metropolitan Municipality,KwaZulu-Natal,South Africa,bulk_supply_failure,0,Mountview,Mountview,1,Update On Repairs To Damaged Valve At Nagle Dam And Impact On Water Supply,https://www.durban.gov.za/press-statement/update-on-repairs-to-damaged-valve-at-nagle-dam-and-impact-on-water-supply,Official eThekwini Municipality public notice / press statement,Factual affected-area event compiled from the cited official municipal notice; not a synthetic observation.
527,E026,2026-03-15,2026,3,eThekwini Metropolitan Municipality,KwaZulu-Natal,South Africa,bulk_supply_failure,0,Trenance,Trenance,1,Update On Repairs To Damaged Valve At Nagle Dam And Impact On Water Supply,https://www.durban.gov.za/press-statement/update-on-repairs-to-damaged-valve-at-nagle-dam-and-impact-on-water-supply,Official eThekwini Municipality public notice / press statement,Factual affected-area event compiled from the cited official municipal notice; not a synthetic observation.
528,E026,2026-03-15,2026,3,eThekwini Metropolitan Municipality,KwaZulu-Natal,South Africa,bulk_supply_failure,0,Oaklands,Oaklands,1,Update On Repairs To Damaged Valve At Nagle Dam And Impact On Water Supply,https://www.durban.gov.za/press-statement/update-on-repairs-to-damaged-valve-at-nagle-dam-and-impact-on-water-supply,Official eThekwini Municipality public notice / press statement,Factual affected-area event compiled from the cited official municipal notice; not a synthetic observation.
529,E026,2026-03-15,2026,3,eThekwini Metropolitan Municipality,KwaZulu-Natal,South Africa,bulk_supply_failure,0,Buffelsdraai,Buffelsdraai,1,Update On Repairs To Damaged Valve At Nagle Dam And Impact On Water Supply,https://www.durban.gov.za/press-statement/update-on-repairs-to-damaged-valve-at-nagle-dam-and-impact-on-water-supply,Official eThekwini Municipality public notice / press statement,Factual affected-area event compiled from the cited official municipal notice; not a synthetic observation.
530,E026,2026-03-15,2026,3,eThekwini Metropolitan Municipality,KwaZulu-Natal,South Africa,bulk_supply_failure,0,Parkgate,Parkgate,1,Update On Repairs To Damaged Valve At Nagle Dam And Impact On Water Supply,https://www.durban.gov.za/press-statement/update-on-repairs-to-damaged-valve-at-nagle-dam-and-impact-on-water-supply,Official eThekwini Municipality public notice / press statement,Factual affected-area event compiled from the cited official municipal notice; not a synthetic observation.
531,E026,2026-03-15,2026,3,eThekwini Metropolitan Municipality,KwaZulu-Natal,South Africa,bulk_supply_failure,0,Amaoti,Amaoti,1,Update On Repairs To Damaged Valve At Nagle Dam And Impact On Water Supply,https://www.durban.gov.za/press-statement/update-on-repairs-to-damaged-valve-at-nagle-dam-and-impact-on-water-supply,Official eThekwini Municipality public notice / press statement,Factual affected-area event compiled from the cited official municipal notice; not a synthetic observation.
532,E026,2026-03-15,2026,3,eThekwini Metropolitan Municipality,KwaZulu-Natal,South Africa,bulk_supply_failure,0,La Lucia,La Lucia,1,Update On Repairs To Damaged Valve At Nagle Dam And Impact On Water Supply,https://www.durban.gov.za/press-statement/update-on-repairs-to-damaged-valve-at-nagle-dam-and-impact-on-water-supply,Official eThekwini Municipality public notice / press statement,Factual affected-area event compiled from the cited official municipal notice; not a synthetic observation.
533,E026,2026-03-15,2026,3,eThekwini Metropolitan Municipality,KwaZulu-Natal,South Africa,bulk_supply_failure,0,Gateway,Gateway,1,Update On Repairs To Damaged Valve At Nagle Dam And Impact On Water Supply,https://www.durban.gov.za/press-statement/update-on-repairs-to-damaged-valve-at-nagle-dam-and-impact-on-water-supply,Official eThekwini Municipality public notice / press statement,Factual affected-area event compiled from the cited official municipal notice; not a synthetic observation.
534,E026,2026-03-15,2026,3,eThekwini Metropolitan Municipality,KwaZulu-Natal,South Africa,bulk_supply_failure,0,Glenashley,Glenashley,1,Update On Repairs To Damaged Valve At Nagle Dam And Impact On Water Supply,https://www.durban.gov.za/press-statement/update-on-repairs-to-damaged-valve-at-nagle-dam-and-impact-on-water-supply,Official eThekwini Municipality public notice / press statement,Factual affected-area event compiled from the cited official municipal notice; not a synthetic observation.
535,E026,2026-03-15,2026,3,eThekwini Metropolitan Municipality,KwaZulu-Natal,South Africa,bulk_supply_failure,0,Beachway,Beachway,1,Update On Repairs To Damaged Valve At Nagle Dam And Impact On Water Supply,https://www.durban.gov.za/press-statement/update-on-repairs-to-damaged-valve-at-nagle-dam-and-impact-on-water-supply,Official eThekwini Municipality public notice / press statement,Factual affected-area event compiled from the cited official municipal notice; not a synthetic observation.
536,E026,2026-03-15,2026,3,eThekwini Metropolitan Municipality,KwaZulu-Natal,South Africa,bulk_supply_failure,0,Umhlanga,Umhlanga,1,Update On Repairs To Damaged Valve At Nagle Dam And Impact On Water Supply,https://www.durban.gov.za/press-statement/update-on-repairs-to-damaged-valve-at-nagle-dam-and-impact-on-water-supply,Official eThekwini Municipality public notice / press statement,Factual affected-area event compiled from the cited official municipal notice; not a synthetic observation.
537,E026,2026-03-15,2026,3,eThekwini Metropolitan Municipality,KwaZulu-Natal,South Africa,bulk_supply_failure,0,Durban North,Durban North,1,Update On Repairs To Damaged Valve At Nagle Dam And Impact On Water Supply,https://www.durban.gov.za/press-statement/update-on-repairs-to-damaged-valve-at-nagle-dam-and-impact-on-water-supply,Official eThekwini Municipality public notice / press statement,Factual affected-area event compiled from the cited official municipal notice; not a synthetic observation.
538,E026,2026-03-15,2026,3,eThekwini Metropolitan Municipality,KwaZulu-Natal,South Africa,bulk_supply_failure,0,Sea Cow Lake,Sea Cow Lake,1,Update On Repairs To Damaged Valve At Nagle Dam And Impact On Water Supply,https://www.durban.gov.za/press-statement/update-on-repairs-to-damaged-valve-at-nagle-dam-and-impact-on-water-supply,Official eThekwini Municipality public notice / press statement,Factual affected-area event compiled from the cited official municipal notice; not a synthetic observation.
539,E026,2026-03-15,2026,3,eThekwini Metropolitan Municipality,KwaZulu-Natal,South Africa,bulk_supply_failure,0,Springfield,Springfield,1,Update On Repairs To Damaged Valve At Nagle Dam And Impact On Water Supply,https://www.durban.gov.za/press-statement/update-on-repairs-to-damaged-valve-at-nagle-dam-and-impact-on-water-supply,Official eThekwini Municipality public notice / press statement,Factual affected-area event compiled from the cited official municipal notice; not a synthetic observation.
540,E026,2026-03-15,2026,3,eThekwini Metropolitan Municipality,KwaZulu-Natal,South Africa,bulk_supply_failure,0,Mount Edgecombe,Mount Edgecombe,1,Update On Repairs To Damaged Valve At Nagle Dam And Impact On Water Supply,https://www.durban.gov.za/press-statement/update-on-repairs-to-damaged-valve-at-nagle-dam-and-impact-on-water-supply,Official eThekwini Municipality public notice / press statement,Factual affected-area event compiled from the cited official municipal notice; not a synthetic observation.
541,E026,2026-03-15,2026,3,eThekwini Metropolitan Municipality,KwaZulu-Natal,South Africa,bulk_supply_failure,0,Northdene,Northdene,1,Update On Repairs To Damaged Valve At Nagle Dam And Impact On Water Supply,https://www.durban.gov.za/press-statement/update-on-repairs-to-damaged-valve-at-nagle-dam-and-impact-on-water-supply,Official eThekwini Municipality public notice / press statement,Factual affected-area event compiled from the cited official municipal notice; not a synthetic observation.
542,E026,2026-03-15,2026,3,eThekwini Metropolitan Municipality,KwaZulu-Natal,South Africa,bulk_supply_failure,0,Queensburgh,Queensburgh,1,Update On Repairs To Damaged Valve At Nagle Dam And Impact On Water Supply,https://www.durban.gov.za/press-statement/update-on-repairs-to-damaged-valve-at-nagle-dam-and-impact-on-water-supply,Official eThekwini Municipality public notice / press statement,Factual affected-area event compiled from the cited official municipal notice; not a synthetic observation.
543,E026,2026-03-15,2026,3,eThekwini Metropolitan Municipality,KwaZulu-Natal,South Africa,bulk_supply_failure,0,Malvern,Malvern,1,Update On Repairs To Damaged Valve At Nagle Dam And Impact On Water Supply,https://www.durban.gov.za/press-statement/update-on-repairs-to-damaged-valve-at-nagle-dam-and-impact-on-water-supply,Official eThekwini Municipality public notice / press statement,Factual affected-area event compiled from the cited official municipal notice; not a synthetic observation.
544,E026,2026-03-15,2026,3,eThekwini Metropolitan Municipality,KwaZulu-Natal,South Africa,bulk_supply_failure,0,Chatsworth,Chatsworth,1,Update On Repairs To Damaged Valve At Nagle Dam And Impact On Water Supply,https://www.durban.gov.za/press-statement/update-on-repairs-to-damaged-valve-at-nagle-dam-and-impact-on-water-supply,Official eThekwini Municipality public notice / press statement,Factual affected-area event compiled from the cited official municipal notice; not a synthetic observation.
545,E026,2026-03-15,2026,3,eThekwini Metropolitan Municipality,KwaZulu-Natal,South Africa,bulk_supply_failure,0,Shallcross,Shallcross,1,Update On Repairs To Damaged Valve At Nagle Dam And Impact On Water Supply,https://www.durban.gov.za/press-statement/update-on-repairs-to-damaged-valve-at-nagle-dam-and-impact-on-water-supply,Official eThekwini Municipality public notice / press statement,Factual affected-area event compiled from the cited official municipal notice; not a synthetic observation.
546,E026,2026-03-15,2026,3,eThekwini Metropolitan Municipality,KwaZulu-Natal,South Africa,bulk_supply_failure,0,Savannah Park,Savannah Park,1,Update On Repairs To Damaged Valve At Nagle Dam And Impact On Water Supply,https://www.durban.gov.za/press-statement/update-on-repairs-to-damaged-valve-at-nagle-dam-and-impact-on-water-supply,Official eThekwini Municipality public notice / press statement,Factual affected-area event compiled from the cited official municipal notice; not a synthetic observation.
547,E026,2026-03-15,2026,3,eThekwini Metropolitan Municipality,KwaZulu-Natal,South Africa,bulk_supply_failure,0,Nagina,Nagina,1,Update On Repairs To Damaged Valve At Nagle Dam And Impact On Water Supply,https://www.durban.gov.za/press-statement/update-on-repairs-to-damaged-valve-at-nagle-dam-and-impact-on-water-supply,Official eThekwini Municipality public notice / press statement,Factual affected-area event compiled from the cited official municipal notice; not a synthetic observation.
548,E026,2026-03-15,2026,3,eThekwini Metropolitan Municipality,KwaZulu-Natal,South Africa,bulk_supply_failure,0,KwaSanti,KwaSanti,1,Update On Repairs To Damaged Valve At Nagle Dam And Impact On Water Supply,https://www.durban.gov.za/press-statement/update-on-repairs-to-damaged-valve-at-nagle-dam-and-impact-on-water-supply,Official eThekwini Municipality public notice / press statement,Factual affected-area event compiled from the cited official municipal notice; not a synthetic observation.
549,E026,2026-03-15,2026,3,eThekwini Metropolitan Municipality,KwaZulu-Natal,South Africa,bulk_supply_failure,0,Mawelewele,Mawelewele,1,Update On Repairs To Damaged Valve At Nagle Dam And Impact On Water Supply,https://www.durban.gov.za/press-statement/update-on-repairs-to-damaged-valve-at-nagle-dam-and-impact-on-water-supply,Official eThekwini Municipality public notice / press statement,Factual affected-area event compiled from the cited official municipal notice; not a synthetic observation.
550,E026,2026-03-15,2026,3,eThekwini Metropolitan Municipality,KwaZulu-Natal,South Africa,bulk_supply_failure,0,Welbedacht East,Welbedacht East,1,Update On Repairs To Damaged Valve At Nagle Dam And Impact On Water Supply,https://www.durban.gov.za/press-statement/update-on-repairs-to-damaged-valve-at-nagle-dam-and-impact-on-water-supply,Official eThekwini Municipality public notice / press statement,Factual affected-area event compiled from the cited official municipal notice; not a synthetic observation.
551,E026,2026-03-15,2026,3,eThekwini Metropolitan Municipality,KwaZulu-Natal,South Africa,bulk_supply_failure,0,Welbedacht West,Welbedacht West,1,Update On Repairs To Damaged Valve At Nagle Dam And Impact On Water Supply,https://www.durban.gov.za/press-statement/update-on-repairs-to-damaged-valve-at-nagle-dam-and-impact-on-water-supply,Official eThekwini Municipality public notice / press statement,Factual affected-area event compiled from the cited official municipal notice; not a synthetic observation.
552,E026,2026-03-15,2026,3,eThekwini Metropolitan Municipality,KwaZulu-Natal,South Africa,bulk_supply_failure,0,Luganda,Luganda,1,Update On Repairs To Damaged Valve At Nagle Dam And Impact On Water Supply,https://www.durban.gov.za/press-statement/update-on-repairs-to-damaged-valve-at-nagle-dam-and-impact-on-water-supply,Official eThekwini Municipality public notice / press statement,Factual affected-area event compiled from the cited official municipal notice; not a synthetic observation.
553,E026,2026-03-15,2026,3,eThekwini Metropolitan Municipality,KwaZulu-Natal,South Africa,bulk_supply_failure,0,Inteke,Inteke,1,Update On Repairs To Damaged Valve At Nagle Dam And Impact On Water Supply,https://www.durban.gov.za/press-statement/update-on-repairs-to-damaged-valve-at-nagle-dam-and-impact-on-water-supply,Official eThekwini Municipality public notice / press statement,Factual affected-area event compiled from the cited official municipal notice; not a synthetic observation.
554,E026,2026-03-15,2026,3,eThekwini Metropolitan Municipality,KwaZulu-Natal,South Africa,bulk_supply_failure,0,Klaarwater,Klaarwater,1,Update On Repairs To Damaged Valve At Nagle Dam And Impact On Water Supply,https://www.durban.gov.za/press-statement/update-on-repairs-to-damaged-valve-at-nagle-dam-and-impact-on-water-supply,Official eThekwini Municipality public notice / press statement,Factual affected-area event compiled from the cited official municipal notice; not a synthetic observation.
555,E026,2026-03-15,2026,3,eThekwini Metropolitan Municipality,KwaZulu-Natal,South Africa,bulk_supply_failure,0,Montford,Montford,1,Update On Repairs To Damaged Valve At Nagle Dam And Impact On Water Supply,https://www.durban.gov.za/press-statement/update-on-repairs-to-damaged-valve-at-nagle-dam-and-impact-on-water-supply,Official eThekwini Municipality public notice / press statement,Factual affected-area event compiled from the cited official municipal notice; not a synthetic observation.
556,E026,2026-03-15,2026,3,eThekwini Metropolitan Municipality,KwaZulu-Natal,South Africa,bulk_supply_failure,0,Risecliff,Risecliff,1,Update On Repairs To Damaged Valve At Nagle Dam And Impact On Water Supply,https://www.durban.gov.za/press-statement/update-on-repairs-to-damaged-valve-at-nagle-dam-and-impact-on-water-supply,Official eThekwini Municipality public notice / press statement,Factual affected-area event compiled from the cited official municipal notice; not a synthetic observation.
557,E026,2026-03-15,2026,3,eThekwini Metropolitan Municipality,KwaZulu-Natal,South Africa,bulk_supply_failure,0,Moorton,Moorton,1,Update On Repairs To Damaged Valve At Nagle Dam And Impact On Water Supply,https://www.durban.gov.za/press-statement/update-on-repairs-to-damaged-valve-at-nagle-dam-and-impact-on-water-supply,Official eThekwini Municipality public notice / press statement,Factual affected-area event compiled from the cited official municipal notice; not a synthetic observation.
558,E026,2026-03-15,2026,3,eThekwini Metropolitan Municipality,KwaZulu-Natal,South Africa,bulk_supply_failure,0,Crossmoor,Crossmoor,1,Update On Repairs To Damaged Valve At Nagle Dam And Impact On Water Supply,https://www.durban.gov.za/press-statement/update-on-repairs-to-damaged-valve-at-nagle-dam-and-impact-on-water-supply,Official eThekwini Municipality public notice / press statement,Factual affected-area event compiled from the cited official municipal notice; not a synthetic observation.
559,E026,2026-03-15,2026,3,eThekwini Metropolitan Municipality,KwaZulu-Natal,South Africa,bulk_supply_failure,0,Woodhurst,Woodhurst,1,Update On Repairs To Damaged Valve At Nagle Dam And Impact On Water Supply,https://www.durban.gov.za/press-statement/update-on-repairs-to-damaged-valve-at-nagle-dam-and-impact-on-water-supply,Official eThekwini Municipality public notice / press statement,Factual affected-area event compiled from the cited official municipal notice; not a synthetic observation.
560,E026,2026-03-15,2026,3,eThekwini Metropolitan Municipality,KwaZulu-Natal,South Africa,bulk_supply_failure,0,Arena Park,Arena Park,1,Update On Repairs To Damaged Valve At Nagle Dam And Impact On Water Supply,https://www.durban.gov.za/press-statement/update-on-repairs-to-damaged-valve-at-nagle-dam-and-impact-on-water-supply,Official eThekwini Municipality public notice / press statement,Factual affected-area event compiled from the cited official municipal notice; not a synthetic observation.
561,E026,2026-03-15,2026,3,eThekwini Metropolitan Municipality,KwaZulu-Natal,South Africa,bulk_supply_failure,0,Umlazi,Umlazi,1,Update On Repairs To Damaged Valve At Nagle Dam And Impact On Water Supply,https://www.durban.gov.za/press-statement/update-on-repairs-to-damaged-valve-at-nagle-dam-and-impact-on-water-supply,Official eThekwini Municipality public notice / press statement,Factual affected-area event compiled from the cited official municipal notice; not a synthetic observation.
562,E026,2026-03-15,2026,3,eThekwini Metropolitan Municipality,KwaZulu-Natal,South Africa,bulk_supply_failure,0,Nsimbini,Nsimbini,1,Update On Repairs To Damaged Valve At Nagle Dam And Impact On Water Supply,https://www.durban.gov.za/press-statement/update-on-repairs-to-damaged-valve-at-nagle-dam-and-impact-on-water-supply,Official eThekwini Municipality public notice / press statement,Factual affected-area event compiled from the cited official municipal notice; not a synthetic observation.
563,E026,2026-03-15,2026,3,eThekwini Metropolitan Municipality,KwaZulu-Natal,South Africa,bulk_supply_failure,0,Folweni,Folweni,1,Update On Repairs To Damaged Valve At Nagle Dam And Impact On Water Supply,https://www.durban.gov.za/press-statement/update-on-repairs-to-damaged-valve-at-nagle-dam-and-impact-on-water-supply,Official eThekwini Municipality public notice / press statement,Factual affected-area event compiled from the cited official municipal notice; not a synthetic observation.
564,E026,2026-03-15,2026,3,eThekwini Metropolitan Municipality,KwaZulu-Natal,South Africa,bulk_supply_failure,0,Golokodo,Golokodo,1,Update On Repairs To Damaged Valve At Nagle Dam And Impact On Water Supply,https://www.durban.gov.za/press-statement/update-on-repairs-to-damaged-valve-at-nagle-dam-and-impact-on-water-supply,Official eThekwini Municipality public notice / press statement,Factual affected-area event compiled from the cited official municipal notice; not a synthetic observation.
565,E026,2026-03-15,2026,3,eThekwini Metropolitan Municipality,KwaZulu-Natal,South Africa,bulk_supply_failure,0,Westville,Westville,1,Update On Repairs To Damaged Valve At Nagle Dam And Impact On Water Supply,https://www.durban.gov.za/press-statement/update-on-repairs-to-damaged-valve-at-nagle-dam-and-impact-on-water-supply,Official eThekwini Municipality public notice / press statement,Factual affected-area event compiled from the cited official municipal notice; not a synthetic observation.
566,E026,2026-03-15,2026,3,eThekwini Metropolitan Municipality,KwaZulu-Natal,South Africa,bulk_supply_failure,0,Dawncliffe,Dawncliffe,1,Update On Repairs To Damaged Valve At Nagle Dam And Impact On Water Supply,https://www.durban.gov.za/press-statement/update-on-repairs-to-damaged-valve-at-nagle-dam-and-impact-on-water-supply,Official eThekwini Municipality public notice / press statement,Factual affected-area event compiled from the cited official municipal notice; not a synthetic observation.
567,E026,2026-03-15,2026,3,eThekwini Metropolitan Municipality,KwaZulu-Natal,South Africa,bulk_supply_failure,0,Pinetown,Pinetown,1,Update On Repairs To Damaged Valve At Nagle Dam And Impact On Water Supply,https://www.durban.gov.za/press-statement/update-on-repairs-to-damaged-valve-at-nagle-dam-and-impact-on-water-supply,Official eThekwini Municipality public notice / press statement,Factual affected-area event compiled from the cited official municipal notice; not a synthetic observation.
568,E026,2026-03-15,2026,3,eThekwini Metropolitan Municipality,KwaZulu-Natal,South Africa,bulk_supply_failure,0,Sarnia,Sarnia,1,Update On Repairs To Damaged Valve At Nagle Dam And Impact On Water Supply,https://www.durban.gov.za/press-statement/update-on-repairs-to-damaged-valve-at-nagle-dam-and-impact-on-water-supply,Official eThekwini Municipality public notice / press statement,Factual affected-area event compiled from the cited official municipal notice; not a synthetic observation.
569,E026,2026-03-15,2026,3,eThekwini Metropolitan Municipality,KwaZulu-Natal,South Africa,bulk_supply_failure,0,Westmead,Westmead,1,Update On Repairs To Damaged Valve At Nagle Dam And Impact On Water Supply,https://www.durban.gov.za/press-statement/update-on-repairs-to-damaged-valve-at-nagle-dam-and-impact-on-water-supply,Official eThekwini Municipality public notice / press statement,Factual affected-area event compiled from the cited official municipal notice; not a synthetic observation.
570,E026,2026-03-15,2026,3,eThekwini Metropolitan Municipality,KwaZulu-Natal,South Africa,bulk_supply_failure,0,Nazareth,Nazareth,1,Update On Repairs To Damaged Valve At Nagle Dam And Impact On Water Supply,https://www.durban.gov.za/press-statement/update-on-repairs-to-damaged-valve-at-nagle-dam-and-impact-on-water-supply,Official eThekwini Municipality public notice / press statement,Factual affected-area event compiled from the cited official municipal notice; not a synthetic observation.
571,E026,2026-03-15,2026,3,eThekwini Metropolitan Municipality,KwaZulu-Natal,South Africa,bulk_supply_failure,0,Moseley Park,Moseley Park,1,Update On Repairs To Damaged Valve At Nagle Dam And Impact On Water Supply,https://www.durban.gov.za/press-statement/update-on-repairs-to-damaged-valve-at-nagle-dam-and-impact-on-water-supply,Official eThekwini Municipality public notice / press statement,Factual affected-area event compiled from the cited official municipal notice; not a synthetic observation.
572,E026,2026-03-15,2026,3,eThekwini Metropolitan Municipality,KwaZulu-Natal,South Africa,bulk_supply_failure,0,Cowies Hill,Cowies Hill,1,Update On Repairs To Damaged Valve At Nagle Dam And Impact On Water Supply,https://www.durban.gov.za/press-statement/update-on-repairs-to-damaged-valve-at-nagle-dam-and-impact-on-water-supply,Official eThekwini Municipality public notice / press statement,Factual affected-area event compiled from the cited official municipal notice; not a synthetic observation.
573,E026,2026-03-15,2026,3,eThekwini Metropolitan Municipality,KwaZulu-Natal,South Africa,bulk_supply_failure,0,KwaDabeka,KwaDabeka,1,Update On Repairs To Damaged Valve At Nagle Dam And Impact On Water Supply,https://www.durban.gov.za/press-statement/update-on-repairs-to-damaged-valve-at-nagle-dam-and-impact-on-water-supply,Official eThekwini Municipality public notice / press statement,Factual affected-area event compiled from the cited official municipal notice; not a synthetic observation.
574,E026,2026-03-15,2026,3,eThekwini Metropolitan Municipality,KwaZulu-Natal,South Africa,bulk_supply_failure,0,Clermont,Clermont,1,Update On Repairs To Damaged Valve At Nagle Dam And Impact On Water Supply,https://www.durban.gov.za/press-statement/update-on-repairs-to-damaged-valve-at-nagle-dam-and-impact-on-water-supply,Official eThekwini Municipality public notice / press statement,Factual affected-area event compiled from the cited official municipal notice; not a synthetic observation.
575,E026,2026-03-15,2026,3,eThekwini Metropolitan Municipality,KwaZulu-Natal,South Africa,bulk_supply_failure,0,Berkshire Downs,Berkshire Downs,1,Update On Repairs To Damaged Valve At Nagle Dam And Impact On Water Supply,https://www.durban.gov.za/press-statement/update-on-repairs-to-damaged-valve-at-nagle-dam-and-impact-on-water-supply,Official eThekwini Municipality public notice / press statement,Factual affected-area event compiled from the cited official municipal notice; not a synthetic observation.
576,E026,2026-03-15,2026,3,eThekwini Metropolitan Municipality,KwaZulu-Natal,South Africa,bulk_supply_failure,0,New Germany Industrial,New Germany Industrial,1,Update On Repairs To Damaged Valve At Nagle Dam And Impact On Water Supply,https://www.durban.gov.za/press-statement/update-on-repairs-to-damaged-valve-at-nagle-dam-and-impact-on-water-supply,Official eThekwini Municipality public notice / press statement,Factual affected-area event compiled from the cited official municipal notice; not a synthetic observation.
577,E027,2026-04-02,2026,4,eThekwini Metropolitan Municipality,KwaZulu-Natal,South Africa,aqueduct_recovery_rationing,0,Klaarwater,Klaarwater,1,Update On Southern Aqueduct Shutdown Completion,https://durban.gov.za/press-statement/update-on-southern-aqueduct-shutdown-completion,Official eThekwini Municipality public notice / press statement,Factual affected-area event compiled from the cited official municipal notice; not a synthetic observation.
578,E027,2026-04-02,2026,4,eThekwini Metropolitan Municipality,KwaZulu-Natal,South Africa,aqueduct_recovery_rationing,0,Shallcross,Shallcross,1,Update On Southern Aqueduct Shutdown Completion,https://durban.gov.za/press-statement/update-on-southern-aqueduct-shutdown-completion,Official eThekwini Municipality public notice / press statement,Factual affected-area event compiled from the cited official municipal notice; not a synthetic observation.
579,E027,2026-04-02,2026,4,eThekwini Metropolitan Municipality,KwaZulu-Natal,South Africa,aqueduct_recovery_rationing,0,Chatsworth,Chatsworth,1,Update On Southern Aqueduct Shutdown Completion,https://durban.gov.za/press-statement/update-on-southern-aqueduct-shutdown-completion,Official eThekwini Municipality public notice / press statement,Factual affected-area event compiled from the cited official municipal notice; not a synthetic observation.
580,E027,2026-04-02,2026,4,eThekwini Metropolitan Municipality,KwaZulu-Natal,South Africa,aqueduct_recovery_rationing,0,Umlazi,Umlazi,1,Update On Southern Aqueduct Shutdown Completion,https://durban.gov.za/press-statement/update-on-southern-aqueduct-shutdown-completion,Official eThekwini Municipality public notice / press statement,Factual affected-area event compiled from the cited official municipal notice; not a synthetic observation.
581,E027,2026-04-02,2026,4,eThekwini Metropolitan Municipality,KwaZulu-Natal,South Africa,aqueduct_recovery_rationing,0,Savannah Park,Savannah Park,1,Update On Southern Aqueduct Shutdown Completion,https://durban.gov.za/press-statement/update-on-southern-aqueduct-shutdown-completion,Official eThekwini Municipality public notice / press statement,Factual affected-area event compiled from the cited official municipal notice; not a synthetic observation.
582,E027,2026-04-02,2026,4,eThekwini Metropolitan Municipality,KwaZulu-Natal,South Africa,aqueduct_recovery_rationing,0,Nagina,Nagina,1,Update On Southern Aqueduct Shutdown Completion,https://durban.gov.za/press-statement/update-on-southern-aqueduct-shutdown-completion,Official eThekwini Municipality public notice / press statement,Factual affected-area event compiled from the cited official municipal notice; not a synthetic observation.
583,E027,2026-04-02,2026,4,eThekwini Metropolitan Municipality,KwaZulu-Natal,South Africa,aqueduct_recovery_rationing,0,Folweni,Folweni,1,Update On Southern Aqueduct Shutdown Completion,https://durban.gov.za/press-statement/update-on-southern-aqueduct-shutdown-completion,Official eThekwini Municipality public notice / press statement,Factual affected-area event compiled from the cited official municipal notice; not a synthetic observation.
584,E027,2026-04-02,2026,4,eThekwini Metropolitan Municipality,KwaZulu-Natal,South Africa,aqueduct_recovery_rationing,0,Ensimbini,Ensimbini,1,Update On Southern Aqueduct Shutdown Completion,https://durban.gov.za/press-statement/update-on-southern-aqueduct-shutdown-completion,Official eThekwini Municipality public notice / press statement,Factual affected-area event compiled from the cited official municipal notice; not a synthetic observation.
585,E027,2026-04-02,2026,4,eThekwini Metropolitan Municipality,KwaZulu-Natal,South Africa,aqueduct_recovery_rationing,0,Nsizwakazi,Nsizwakazi,1,Update On Southern Aqueduct Shutdown Completion,https://durban.gov.za/press-statement/update-on-southern-aqueduct-shutdown-completion,Official eThekwini Municipality public notice / press statement,Factual affected-area event compiled from the cited official municipal notice; not a synthetic observation.
586,E027,2026-04-02,2026,4,eThekwini Metropolitan Municipality,KwaZulu-Natal,South Africa,aqueduct_recovery_rationing,0,Luganda,Luganda,1,Update On Southern Aqueduct Shutdown Completion,https://durban.gov.za/press-statement/update-on-southern-aqueduct-shutdown-completion,Official eThekwini Municipality public notice / press statement,Factual affected-area event compiled from the cited official municipal notice; not a synthetic observation.
587,E027,2026-04-02,2026,4,eThekwini Metropolitan Municipality,KwaZulu-Natal,South Africa,aqueduct_recovery_rationing,0,Mawelewele,Mawelewele,1,Update On Southern Aqueduct Shutdown Completion,https://durban.gov.za/press-statement/update-on-southern-aqueduct-shutdown-completion,Official eThekwini Municipality public notice / press statement,Factual affected-area event compiled from the cited official municipal notice; not a synthetic observation.
588,E028,2026-05-15,2026,5,eThekwini Metropolitan Municipality,KwaZulu-Natal,South Africa,planned_pipeline_upgrade,1,Isiphingo Hills,Isiphingo Hills,1,Planned Water Supply Interruption In Prospecton And Surrounding Areas,https://electricity.durban.gov.za/press-statement/planned-water-supply-interruption-in-prospecton-and-surrounding-areas-2,Official eThekwini Municipality public notice / press statement,Factual affected-area event compiled from the cited official municipal notice; not a synthetic observation.
589,E028,2026-05-15,2026,5,eThekwini Metropolitan Municipality,KwaZulu-Natal,South Africa,planned_pipeline_upgrade,1,Prospecton Industrial,Prospecton Industrial,1,Planned Water Supply Interruption In Prospecton And Surrounding Areas,https://electricity.durban.gov.za/press-statement/planned-water-supply-interruption-in-prospecton-and-surrounding-areas-2,Official eThekwini Municipality public notice / press statement,Factual affected-area event compiled from the cited official municipal notice; not a synthetic observation.
590,E028,2026-05-15,2026,5,eThekwini Metropolitan Municipality,KwaZulu-Natal,South Africa,planned_pipeline_upgrade,1,Isiphingo Rail,Isiphingo Rail,1,Planned Water Supply Interruption In Prospecton And Surrounding Areas,https://electricity.durban.gov.za/press-statement/planned-water-supply-interruption-in-prospecton-and-surrounding-areas-2,Official eThekwini Municipality public notice / press statement,Factual affected-area event compiled from the cited official municipal notice; not a synthetic observation.
591,E028,2026-05-15,2026,5,eThekwini Metropolitan Municipality,KwaZulu-Natal,South Africa,planned_pipeline_upgrade,1,Isiphingo Beach,Isiphingo Beach,1,Planned Water Supply Interruption In Prospecton And Surrounding Areas,https://electricity.durban.gov.za/press-statement/planned-water-supply-interruption-in-prospecton-and-surrounding-areas-2,Official eThekwini Municipality public notice / press statement,Factual affected-area event compiled from the cited official municipal notice; not a synthetic observation.
592,E028,2026-05-15,2026,5,eThekwini Metropolitan Municipality,KwaZulu-Natal,South Africa,planned_pipeline_upgrade,1,Athlone Park,Athlone Park,1,Planned Water Supply Interruption In Prospecton And Surrounding Areas,https://electricity.durban.gov.za/press-statement/planned-water-supply-interruption-in-prospecton-and-surrounding-areas-2,Official eThekwini Municipality public notice / press statement,Factual affected-area event compiled from the cited official municipal notice; not a synthetic observation.
593,E028,2026-05-15,2026,5,eThekwini Metropolitan Municipality,KwaZulu-Natal,South Africa,planned_pipeline_upgrade,1,Galleria Mall,Galleria Mall,1,Planned Water Supply Interruption In Prospecton And Surrounding Areas,https://electricity.durban.gov.za/press-statement/planned-water-supply-interruption-in-prospecton-and-surrounding-areas-2,Official eThekwini Municipality public notice / press statement,Factual affected-area event compiled from the cited official municipal notice; not a synthetic observation.
594,E028,2026-05-15,2026,5,eThekwini Metropolitan Municipality,KwaZulu-Natal,South Africa,planned_pipeline_upgrade,1,Arbour Crossing,Arbour Crossing,1,Planned Water Supply Interruption In Prospecton And Surrounding Areas,https://electricity.durban.gov.za/press-statement/planned-water-supply-interruption-in-prospecton-and-surrounding-areas-2,Official eThekwini Municipality public notice / press statement,Factual affected-area event compiled from the cited official municipal notice; not a synthetic observation.
595,E028,2026-05-15,2026,5,eThekwini Metropolitan Municipality,KwaZulu-Natal,South Africa,planned_pipeline_upgrade,1,Kingsway Hospital,Kingsway Hospital,1,Planned Water Supply Interruption In Prospecton And Surrounding Areas,https://electricity.durban.gov.za/press-statement/planned-water-supply-interruption-in-prospecton-and-surrounding-areas-2,Official eThekwini Municipality public notice / press statement,Factual affected-area event compiled from the cited official municipal notice; not a synthetic observation.
596,E029,2026-06-10,2026,6,eThekwini Metropolitan Municipality,KwaZulu-Natal,South Africa,reservoir_shortage_rationing,0,Lewis Drive,Lewis Drive,1,Measures Implemented To Support Water Supply Recovery In Southern Areas,https://financial.durban.gov.za/press-statement/measures-implemented-to-support-water-supply-recovery-in-southern-areas,Official eThekwini Municipality public notice / press statement,Factual affected-area event compiled from the cited official municipal notice; not a synthetic observation.
597,E029,2026-06-10,2026,6,eThekwini Metropolitan Municipality,KwaZulu-Natal,South Africa,reservoir_shortage_rationing,0,Amanzimtoti CBD,Amanzimtoti CBD,1,Measures Implemented To Support Water Supply Recovery In Southern Areas,https://financial.durban.gov.za/press-statement/measures-implemented-to-support-water-supply-recovery-in-southern-areas,Official eThekwini Municipality public notice / press statement,Factual affected-area event compiled from the cited official municipal notice; not a synthetic observation.
598,E029,2026-06-10,2026,6,eThekwini Metropolitan Municipality,KwaZulu-Natal,South Africa,reservoir_shortage_rationing,0,Athlone Park,Athlone Park,1,Measures Implemented To Support Water Supply Recovery In Southern Areas,https://financial.durban.gov.za/press-statement/measures-implemented-to-support-water-supply-recovery-in-southern-areas,Official eThekwini Municipality public notice / press statement,Factual affected-area event compiled from the cited official municipal notice; not a synthetic observation.
599,E029,2026-06-10,2026,6,eThekwini Metropolitan Municipality,KwaZulu-Natal,South Africa,reservoir_shortage_rationing,0,Kingsway Hospital,Kingsway Hospital,1,Measures Implemented To Support Water Supply Recovery In Southern Areas,https://financial.durban.gov.za/press-statement/measures-implemented-to-support-water-supply-recovery-in-southern-areas,Official eThekwini Municipality public notice / press statement,Factual affected-area event compiled from the cited official municipal notice; not a synthetic observation.
600,E029,2026-06-10,2026,6,eThekwini Metropolitan Municipality,KwaZulu-Natal,South Africa,reservoir_shortage_rationing,0,Almond,Almond,1,Measures Implemented To Support Water Supply Recovery In Southern Areas,https://financial.durban.gov.za/press-statement/measures-implemented-to-support-water-supply-recovery-in-southern-areas,Official eThekwini Municipality public notice / press statement,Factual affected-area event compiled from the cited official municipal notice; not a synthetic observation.
601,E029,2026-06-10,2026,6,eThekwini Metropolitan Municipality,KwaZulu-Natal,South Africa,reservoir_shortage_rationing,0,Winklespruit,Winklespruit,1,Measures Implemented To Support Water Supply Recovery In Southern Areas,https://financial.durban.gov.za/press-statement/measures-implemented-to-support-water-supply-recovery-in-southern-areas,Official eThekwini Municipality public notice / press statement,Factual affected-area event compiled from the cited official municipal notice; not a synthetic observation.
602,E029,2026-06-10,2026,6,eThekwini Metropolitan Municipality,KwaZulu-Natal,South Africa,reservoir_shortage_rationing,0,Warner Beach,Warner Beach,1,Measures Implemented To Support Water Supply Recovery In Southern Areas,https://financial.durban.gov.za/press-statement/measures-implemented-to-support-water-supply-recovery-in-southern-areas,Official eThekwini Municipality public notice / press statement,Factual affected-area event compiled from the cited official municipal notice; not a synthetic observation.
603,E029,2026-06-10,2026,6,eThekwini Metropolitan Municipality,KwaZulu-Natal,South Africa,reservoir_shortage_rationing,0,Illovo Glen,Illovo Glen,1,Measures Implemented To Support Water Supply Recovery In Southern Areas,https://financial.durban.gov.za/press-statement/measures-implemented-to-support-water-supply-recovery-in-southern-areas,Official eThekwini Municipality public notice / press statement,Factual affected-area event compiled from the cited official municipal notice; not a synthetic observation.
604,E029,2026-06-10,2026,6,eThekwini Metropolitan Municipality,KwaZulu-Natal,South Africa,reservoir_shortage_rationing,0,Lower Illovo,Lower Illovo,1,Measures Implemented To Support Water Supply Recovery In Southern Areas,https://financial.durban.gov.za/press-statement/measures-implemented-to-support-water-supply-recovery-in-southern-areas,Official eThekwini Municipality public notice / press statement,Factual affected-area event compiled from the cited official municipal notice; not a synthetic observation.
605,E029,2026-06-10,2026,6,eThekwini Metropolitan Municipality,KwaZulu-Natal,South Africa,reservoir_shortage_rationing,0,Doonside,Doonside,1,Measures Implemented To Support Water Supply Recovery In Southern Areas,https://financial.durban.gov.za/press-statement/measures-implemented-to-support-water-supply-recovery-in-southern-areas,Official eThekwini Municipality public notice / press statement,Factual affected-area event compiled from the cited official municipal notice; not a synthetic observation.
606,E029,2026-06-10,2026,6,eThekwini Metropolitan Municipality,KwaZulu-Natal,South Africa,reservoir_shortage_rationing,0,Launceston,Launceston,1,Measures Implemented To Support Water Supply Recovery In Southern Areas,https://financial.durban.gov.za/press-statement/measures-implemented-to-support-water-supply-recovery-in-southern-areas,Official eThekwini Municipality public notice / press statement,Factual affected-area event compiled from the cited official municipal notice; not a synthetic observation.
607,E029,2026-06-10,2026,6,eThekwini Metropolitan Municipality,KwaZulu-Natal,South Africa,reservoir_shortage_rationing,0,Illovo Beach,Illovo Beach,1,Measures Implemented To Support Water Supply Recovery In Southern Areas,https://financial.durban.gov.za/press-statement/measures-implemented-to-support-water-supply-recovery-in-southern-areas,Official eThekwini Municipality public notice / press statement,Factual affected-area event compiled from the cited official municipal notice; not a synthetic observation.
608,E029,2026-06-10,2026,6,eThekwini Metropolitan Municipality,KwaZulu-Natal,South Africa,reservoir_shortage_rationing,0,Panorama Park,Panorama Park,1,Measures Implemented To Support Water Supply Recovery In Southern Areas,https://financial.durban.gov.za/press-statement/measures-implemented-to-support-water-supply-recovery-in-southern-areas,Official eThekwini Municipality public notice / press statement,Factual affected-area event compiled from the cited official municipal notice; not a synthetic observation.
609,E029,2026-06-10,2026,6,eThekwini Metropolitan Municipality,KwaZulu-Natal,South Africa,reservoir_shortage_rationing,0,Umgababa,Umgababa,1,Measures Implemented To Support Water Supply Recovery In Southern Areas,https://financial.durban.gov.za/press-statement/measures-implemented-to-support-water-supply-recovery-in-southern-areas,Official eThekwini Municipality public notice / press statement,Factual affected-area event compiled from the cited official municipal notice; not a synthetic observation.
610,E029,2026-06-10,2026,6,eThekwini Metropolitan Municipality,KwaZulu-Natal,South Africa,reservoir_shortage_rationing,0,Umnini,Umnini,1,Measures Implemented To Support Water Supply Recovery In Southern Areas,https://financial.durban.gov.za/press-statement/measures-implemented-to-support-water-supply-recovery-in-southern-areas,Official eThekwini Municipality public notice / press statement,Factual affected-area event compiled from the cited official municipal notice; not a synthetic observation.
611,E029,2026-06-10,2026,6,eThekwini Metropolitan Municipality,KwaZulu-Natal,South Africa,reservoir_shortage_rationing,0,Area Africa,Area Africa,1,Measures Implemented To Support Water Supply Recovery In Southern Areas,https://financial.durban.gov.za/press-statement/measures-implemented-to-support-water-supply-recovery-in-southern-areas,Official eThekwini Municipality public notice / press statement,Factual affected-area event compiled from the cited official municipal notice; not a synthetic observation.
612,E029,2026-06-10,2026,6,eThekwini Metropolitan Municipality,KwaZulu-Natal,South Africa,reservoir_shortage_rationing,0,Mfume,Mfume,1,Measures Implemented To Support Water Supply Recovery In Southern Areas,https://financial.durban.gov.za/press-statement/measures-implemented-to-support-water-supply-recovery-in-southern-areas,Official eThekwini Municipality public notice / press statement,Factual affected-area event compiled from the cited official municipal notice; not a synthetic observation.
613,E029,2026-06-10,2026,6,eThekwini Metropolitan Municipality,KwaZulu-Natal,South Africa,reservoir_shortage_rationing,0,KwaSoni,KwaSoni,1,Measures Implemented To Support Water Supply Recovery In Southern Areas,https://financial.durban.gov.za/press-statement/measures-implemented-to-support-water-supply-recovery-in-southern-areas,Official eThekwini Municipality public notice / press statement,Factual affected-area event compiled from the cited official municipal notice; not a synthetic observation.
614,E029,2026-06-10,2026,6,eThekwini Metropolitan Municipality,KwaZulu-Natal,South Africa,reservoir_shortage_rationing,0,Mashiwase,Mashiwase,1,Measures Implemented To Support Water Supply Recovery In Southern Areas,https://financial.durban.gov.za/press-statement/measures-implemented-to-support-water-supply-recovery-in-southern-areas,Official eThekwini Municipality public notice / press statement,Factual affected-area event compiled from the cited official municipal notice; not a synthetic observation.
615,E029,2026-06-10,2026,6,eThekwini Metropolitan Municipality,KwaZulu-Natal,South Africa,reservoir_shortage_rationing,0,Nkwali,Nkwali,1,Measures Implemented To Support Water Supply Recovery In Southern Areas,https://financial.durban.gov.za/press-statement/measures-implemented-to-support-water-supply-recovery-in-southern-areas,Official eThekwini Municipality public notice / press statement,Factual affected-area event compiled from the cited official municipal notice; not a synthetic observation.
616,E029,2026-06-10,2026,6,eThekwini Metropolitan Municipality,KwaZulu-Natal,South Africa,reservoir_shortage_rationing,0,Lovu A,Lovu A,1,Measures Implemented To Support Water Supply Recovery In Southern Areas,https://financial.durban.gov.za/press-statement/measures-implemented-to-support-water-supply-recovery-in-southern-areas,Official eThekwini Municipality public notice / press statement,Factual affected-area event compiled from the cited official municipal notice; not a synthetic observation.
617,E029,2026-06-10,2026,6,eThekwini Metropolitan Municipality,KwaZulu-Natal,South Africa,reservoir_shortage_rationing,0,Lovu B,Lovu B,1,Measures Implemented To Support Water Supply Recovery In Southern Areas,https://financial.durban.gov.za/press-statement/measures-implemented-to-support-water-supply-recovery-in-southern-areas,Official eThekwini Municipality public notice / press statement,Factual affected-area event compiled from the cited official municipal notice; not a synthetic observation.
618,E029,2026-06-10,2026,6,eThekwini Metropolitan Municipality,KwaZulu-Natal,South Africa,reservoir_shortage_rationing,0,Lovu C,Lovu C,1,Measures Implemented To Support Water Supply Recovery In Southern Areas,https://financial.durban.gov.za/press-statement/measures-implemented-to-support-water-supply-recovery-in-southern-areas,Official eThekwini Municipality public notice / press statement,Factual affected-area event compiled from the cited official municipal notice; not a synthetic observation.
619,E029,2026-06-10,2026,6,eThekwini Metropolitan Municipality,KwaZulu-Natal,South Africa,reservoir_shortage_rationing,0,Bhekulwandle,Bhekulwandle,1,Measures Implemented To Support Water Supply Recovery In Southern Areas,https://financial.durban.gov.za/press-statement/measures-implemented-to-support-water-supply-recovery-in-southern-areas,Official eThekwini Municipality public notice / press statement,Factual affected-area event compiled from the cited official municipal notice; not a synthetic observation.
620,E029,2026-06-10,2026,6,eThekwini Metropolitan Municipality,KwaZulu-Natal,South Africa,reservoir_shortage_rationing,0,Msarhweni,Msarhweni,1,Measures Implemented To Support Water Supply Recovery In Southern Areas,https://financial.durban.gov.za/press-statement/measures-implemented-to-support-water-supply-recovery-in-southern-areas,Official eThekwini Municipality public notice / press statement,Factual affected-area event compiled from the cited official municipal notice; not a synthetic observation.
621,E029,2026-06-10,2026,6,eThekwini Metropolitan Municipality,KwaZulu-Natal,South Africa,reservoir_shortage_rationing,0,Isolempilo,Isolempilo,1,Measures Implemented To Support Water Supply Recovery In Southern Areas,https://financial.durban.gov.za/press-statement/measures-implemented-to-support-water-supply-recovery-in-southern-areas,Official eThekwini Municipality public notice / press statement,Factual affected-area event compiled from the cited official municipal notice; not a synthetic observation.
622,E029,2026-06-10,2026,6,eThekwini Metropolitan Municipality,KwaZulu-Natal,South Africa,reservoir_shortage_rationing,0,Lovu Phase 1,Lovu Phase 1,1,Measures Implemented To Support Water Supply Recovery In Southern Areas,https://financial.durban.gov.za/press-statement/measures-implemented-to-support-water-supply-recovery-in-southern-areas,Official eThekwini Municipality public notice / press statement,Factual affected-area event compiled from the cited official municipal notice; not a synthetic observation.
623,E029,2026-06-10,2026,6,eThekwini Metropolitan Municipality,KwaZulu-Natal,South Africa,reservoir_shortage_rationing,0,Lovu Phase 3,Lovu Phase 3,1,Measures Implemented To Support Water Supply Recovery In Southern Areas,https://financial.durban.gov.za/press-statement/measures-implemented-to-support-water-supply-recovery-in-southern-areas,Official eThekwini Municipality public notice / press statement,Factual affected-area event compiled from the cited official municipal notice; not a synthetic observation.
624,E029,2026-06-10,2026,6,eThekwini Metropolitan Municipality,KwaZulu-Natal,South Africa,reservoir_shortage_rationing,0,Lovu Landfill,Lovu Landfill,1,Measures Implemented To Support Water Supply Recovery In Southern Areas,https://financial.durban.gov.za/press-statement/measures-implemented-to-support-water-supply-recovery-in-southern-areas,Official eThekwini Municipality public notice / press statement,Factual affected-area event compiled from the cited official municipal notice; not a synthetic observation.
625,E029,2026-06-10,2026,6,eThekwini Metropolitan Municipality,KwaZulu-Natal,South Africa,reservoir_shortage_rationing,0,Inkwali,Inkwali,1,Measures Implemented To Support Water Supply Recovery In Southern Areas,https://financial.durban.gov.za/press-statement/measures-implemented-to-support-water-supply-recovery-in-southern-areas,Official eThekwini Municipality public notice / press statement,Factual affected-area event compiled from the cited official municipal notice; not a synthetic observation.
626,E029,2026-06-10,2026,6,eThekwini Metropolitan Municipality,KwaZulu-Natal,South Africa,reservoir_shortage_rationing,0,KwaMakhutha,KwaMakhutha,1,Measures Implemented To Support Water Supply Recovery In Southern Areas,https://financial.durban.gov.za/press-statement/measures-implemented-to-support-water-supply-recovery-in-southern-areas,Official eThekwini Municipality public notice / press statement,Factual affected-area event compiled from the cited official municipal notice; not a synthetic observation.
627,E029,2026-06-10,2026,6,eThekwini Metropolitan Municipality,KwaZulu-Natal,South Africa,reservoir_shortage_rationing,0,Mkhazini,Mkhazini,1,Measures Implemented To Support Water Supply Recovery In Southern Areas,https://financial.durban.gov.za/press-statement/measures-implemented-to-support-water-supply-recovery-in-southern-areas,Official eThekwini Municipality public notice / press statement,Factual affected-area event compiled from the cited official municipal notice; not a synthetic observation.
628,E029,2026-06-10,2026,6,eThekwini Metropolitan Municipality,KwaZulu-Natal,South Africa,reservoir_shortage_rationing,0,eMasomini,eMasomini,1,Measures Implemented To Support Water Supply Recovery In Southern Areas,https://financial.durban.gov.za/press-statement/measures-implemented-to-support-water-supply-recovery-in-southern-areas,Official eThekwini Municipality public notice / press statement,Factual affected-area event compiled from the cited official municipal notice; not a synthetic observation.
629,E029,2026-06-10,2026,6,eThekwini Metropolitan Municipality,KwaZulu-Natal,South Africa,reservoir_shortage_rationing,0,Ezimbokodweni,Ezimbokodweni,1,Measures Implemented To Support Water Supply Recovery In Southern Areas,https://financial.durban.gov.za/press-statement/measures-implemented-to-support-water-supply-recovery-in-southern-areas,Official eThekwini Municipality public notice / press statement,Factual affected-area event compiled from the cited official municipal notice; not a synthetic observation.
630,E029,2026-06-10,2026,6,eThekwini Metropolitan Municipality,KwaZulu-Natal,South Africa,reservoir_shortage_rationing,0,Ekuhlengeni Psychiatric Hospital,Ekuhlengeni Psychiatric Hospital,1,Measures Implemented To Support Water Supply Recovery In Southern Areas,https://financial.durban.gov.za/press-statement/measures-implemented-to-support-water-supply-recovery-in-southern-areas,Official eThekwini Municipality public notice / press statement,Factual affected-area event compiled from the cited official municipal notice; not a synthetic observation.
631,E030,2026-07-13,2026,7,eThekwini Metropolitan Municipality,KwaZulu-Natal,South Africa,aqueduct_restriction,0,Farningham Ridge,Farningham Ridge,1,Water Supply Restrictions On The Southern Aqueduct,https://durban.gov.za/press-statement/water-supply-restrictions-on-the-southern-aqueduct,Official eThekwini Municipality public notice / press statement,Factual affected-area event compiled from the cited official municipal notice; not a synthetic observation.
632,E030,2026-07-13,2026,7,eThekwini Metropolitan Municipality,KwaZulu-Natal,South Africa,aqueduct_restriction,0,Hillary,Hillary,1,Water Supply Restrictions On The Southern Aqueduct,https://durban.gov.za/press-statement/water-supply-restrictions-on-the-southern-aqueduct,Official eThekwini Municipality public notice / press statement,Factual affected-area event compiled from the cited official municipal notice; not a synthetic observation.
633,E030,2026-07-13,2026,7,eThekwini Metropolitan Municipality,KwaZulu-Natal,South Africa,aqueduct_restriction,0,Malvern,Malvern,1,Water Supply Restrictions On The Southern Aqueduct,https://durban.gov.za/press-statement/water-supply-restrictions-on-the-southern-aqueduct,Official eThekwini Municipality public notice / press statement,Factual affected-area event compiled from the cited official municipal notice; not a synthetic observation.
634,E030,2026-07-13,2026,7,eThekwini Metropolitan Municipality,KwaZulu-Natal,South Africa,aqueduct_restriction,0,Mount Vernon,Mount Vernon,1,Water Supply Restrictions On The Southern Aqueduct,https://durban.gov.za/press-statement/water-supply-restrictions-on-the-southern-aqueduct,Official eThekwini Municipality public notice / press statement,Factual affected-area event compiled from the cited official municipal notice; not a synthetic observation.
635,E030,2026-07-13,2026,7,eThekwini Metropolitan Municipality,KwaZulu-Natal,South Africa,aqueduct_restriction,0,Queensburgh,Queensburgh,1,Water Supply Restrictions On The Southern Aqueduct,https://durban.gov.za/press-statement/water-supply-restrictions-on-the-southern-aqueduct,Official eThekwini Municipality public notice / press statement,Factual affected-area event compiled from the cited official municipal notice; not a synthetic observation.
636,E030,2026-07-13,2026,7,eThekwini Metropolitan Municipality,KwaZulu-Natal,South Africa,aqueduct_restriction,0,Queensmead Industrial,Queensmead Industrial,1,Water Supply Restrictions On The Southern Aqueduct,https://durban.gov.za/press-statement/water-supply-restrictions-on-the-southern-aqueduct,Official eThekwini Municipality public notice / press statement,Factual affected-area event compiled from the cited official municipal notice; not a synthetic observation.
637,E030,2026-07-13,2026,7,eThekwini Metropolitan Municipality,KwaZulu-Natal,South Africa,aqueduct_restriction,0,Shallcross,Shallcross,1,Water Supply Restrictions On The Southern Aqueduct,https://durban.gov.za/press-statement/water-supply-restrictions-on-the-southern-aqueduct,Official eThekwini Municipality public notice / press statement,Factual affected-area event compiled from the cited official municipal notice; not a synthetic observation.
638,E030,2026-07-13,2026,7,eThekwini Metropolitan Municipality,KwaZulu-Natal,South Africa,aqueduct_restriction,0,Moseley Park,Moseley Park,1,Water Supply Restrictions On The Southern Aqueduct,https://durban.gov.za/press-statement/water-supply-restrictions-on-the-southern-aqueduct,Official eThekwini Municipality public notice / press statement,Factual affected-area event compiled from the cited official municipal notice; not a synthetic observation.
639,E030,2026-07-13,2026,7,eThekwini Metropolitan Municipality,KwaZulu-Natal,South Africa,aqueduct_restriction,0,Nirvana Hills,Nirvana Hills,1,Water Supply Restrictions On The Southern Aqueduct,https://durban.gov.za/press-statement/water-supply-restrictions-on-the-southern-aqueduct,Official eThekwini Municipality public notice / press statement,Factual affected-area event compiled from the cited official municipal notice; not a synthetic observation.
640,E030,2026-07-13,2026,7,eThekwini Metropolitan Municipality,KwaZulu-Natal,South Africa,aqueduct_restriction,0,Northdene,Northdene,1,Water Supply Restrictions On The Southern Aqueduct,https://durban.gov.za/press-statement/water-supply-restrictions-on-the-southern-aqueduct,Official eThekwini Municipality public notice / press statement,Factual affected-area event compiled from the cited official municipal notice; not a synthetic observation.
641,E031,2026-07-31,2026,7,eThekwini Metropolitan Municipality,KwaZulu-Natal,South Africa,bulk_supply_restriction,0,Umlazi,Umlazi,1,Water Supply Interruption Affecting the Umlazi-Golokodo Bulk Water Supply System,https://financial.durban.gov.za/press-statement/water-supply-interruption-affecting-the-umlazi-golokodo-bulk-water-supply-system,Official eThekwini Municipality public notice / press statement,Factual affected-area event compiled from the cited official municipal notice; not a synthetic observation.
642,E031,2026-07-31,2026,7,eThekwini Metropolitan Municipality,KwaZulu-Natal,South Africa,bulk_supply_restriction,0,Ensimbini,Ensimbini,1,Water Supply Interruption Affecting the Umlazi-Golokodo Bulk Water Supply System,https://financial.durban.gov.za/press-statement/water-supply-interruption-affecting-the-umlazi-golokodo-bulk-water-supply-system,Official eThekwini Municipality public notice / press statement,Factual affected-area event compiled from the cited official municipal notice; not a synthetic observation.
643,E031,2026-07-31,2026,7,eThekwini Metropolitan Municipality,KwaZulu-Natal,South Africa,bulk_supply_restriction,0,Folweni,Folweni,1,Water Supply Interruption Affecting the Umlazi-Golokodo Bulk Water Supply System,https://financial.durban.gov.za/press-statement/water-supply-interruption-affecting-the-umlazi-golokodo-bulk-water-supply-system,Official eThekwini Municipality public notice / press statement,Factual affected-area event compiled from the cited official municipal notice; not a synthetic observation.
644,E032,2026-08-31,2026,8,eThekwini Metropolitan Municipality,KwaZulu-Natal,South Africa,aqueduct_leak,0,Northdene,Northdene,1,Mayor Xaba Inspects Southern Aqueduct Leak Repairs As Teams Work to Restore Water Supply,https://www.durban.gov.za/press-statement/mayor-xaba-inspects-southern-aqueduct-leak-repairs-as-teams-work-to-restore-water-supply,Official eThekwini Municipality public notice / press statement,Factual affected-area event compiled from the cited official municipal notice; not a synthetic observation.
645,E032,2026-08-31,2026,8,eThekwini Metropolitan Municipality,KwaZulu-Natal,South Africa,aqueduct_leak,0,Chatsworth,Chatsworth,1,Mayor Xaba Inspects Southern Aqueduct Leak Repairs As Teams Work to Restore Water Supply,https://www.durban.gov.za/press-statement/mayor-xaba-inspects-southern-aqueduct-leak-repairs-as-teams-work-to-restore-water-supply,Official eThekwini Municipality public notice / press statement,Factual affected-area event compiled from the cited official municipal notice; not a synthetic observation.
646,E032,2026-08-31,2026,8,eThekwini Metropolitan Municipality,KwaZulu-Natal,South Africa,aqueduct_leak,0,Umlazi,Umlazi,1,Mayor Xaba Inspects Southern Aqueduct Leak Repairs As Teams Work to Restore Water Supply,https://www.durban.gov.za/press-statement/mayor-xaba-inspects-southern-aqueduct-leak-repairs-as-teams-work-to-restore-water-supply,Official eThekwini Municipality public notice / press statement,Factual affected-area event compiled from the cited official municipal notice; not a synthetic observation.
647,E032,2026-08-31,2026,8,eThekwini Metropolitan Municipality,KwaZulu-Natal,South Africa,aqueduct_leak,0,Folweni,Folweni,1,Mayor Xaba Inspects Southern Aqueduct Leak Repairs As Teams Work to Restore Water Supply,https://www.durban.gov.za/press-statement/mayor-xaba-inspects-southern-aqueduct-leak-repairs-as-teams-work-to-restore-water-supply,Official eThekwini Municipality public notice / press statement,Factual affected-area event compiled from the cited official municipal notice; not a synthetic observation.
648,E032,2026-08-31,2026,8,eThekwini Metropolitan Municipality,KwaZulu-Natal,South Africa,aqueduct_leak,0,Nsimbini,Nsimbini,1,Mayor Xaba Inspects Southern Aqueduct Leak Repairs As Teams Work to Restore Water Supply,https://www.durban.gov.za/press-statement/mayor-xaba-inspects-southern-aqueduct-leak-repairs-as-teams-work-to-restore-water-supply,Official eThekwini Municipality public notice / press statement,Factual affected-area event compiled from the cited official municipal notice; not a synthetic observation.
649,E032,2026-08-31,2026,8,eThekwini Metropolitan Municipality,KwaZulu-Natal,South Africa,aqueduct_leak,0,Shallcross,Shallcross,1,Mayor Xaba Inspects Southern Aqueduct Leak Repairs As Teams Work to Restore Water Supply,https://www.durban.gov.za/press-statement/mayor-xaba-inspects-southern-aqueduct-leak-repairs-as-teams-work-to-restore-water-supply,Official eThekwini Municipality public notice / press statement,Factual affected-area event compiled from the cited official municipal notice; not a synthetic observation.
650,E032,2026-08-31,2026,8,eThekwini Metropolitan Municipality,KwaZulu-Natal,South Africa,aqueduct_leak,0,Malvern,Malvern,1,Mayor Xaba Inspects Southern Aqueduct Leak Repairs As Teams Work to Restore Water Supply,https://www.durban.gov.za/press-statement/mayor-xaba-inspects-southern-aqueduct-leak-repairs-as-teams-work-to-restore-water-supply,Official eThekwini Municipality public notice / press statement,Factual affected-area event compiled from the cited official municipal notice; not a synthetic observation.
651,E032,2026-08-31,2026,8,eThekwini Metropolitan Municipality,KwaZulu-Natal,South Africa,aqueduct_leak,0,Klaarwater,Klaarwater,1,Mayor Xaba Inspects Southern Aqueduct Leak Repairs As Teams Work to Restore Water Supply,https://www.durban.gov.za/press-statement/mayor-xaba-inspects-southern-aqueduct-leak-repairs-as-teams-work-to-restore-water-supply,Official eThekwini Municipality public notice / press statement,Factual affected-area event compiled from the cited official municipal notice; not a synthetic observation.
